id,audio,data_file,idx,meta,row_group_no,session_id,text,uttid,asr_result
13417740,https://lf9-bigspeech-sign.bytetos.com/bigspeech-platform/dorado_data_extract/40fbb8b336944ec3bb42f7b4961dc873?lk3s=56dfb1e9&x-expires=1849274774&x-signature=KpgaVOaYj0bFFU69%2BoKmH5qmg5Q%3D,../data/c82daf56-45a9-4e34-ad6c-cf41bb88754c_000000_0_000000.parquet,1,"{""content"": {""U_1"": """", ""A_2"": ""帮我看一下这本书定价多少元？""}, ""session_id"": ""Obscured_narrative_v2-session_1-1"", ""duration"": 3.285, ""turn_points"": [1.0, 3.285], ""speech_prompt"": [], ""fe_sents"": [], ""text"": "" | 帮我看一下这本书定价多少元？"", ""start_time"": 1.0, ""end_time"": 3.285, ""sents"": [{""text"": """", ""speaker_id"": ""U"", ""start_time"": 0, ""end_time"": 1.0, ""words"": [], ""speech_prompt"": {}, ""round_idx"": 0}, {""text"": ""帮我看一下这本书定价多少元？"", ""speaker_id"": ""A"", ""start_time"": 1.0, ""end_time"": 3.285, ""words"": [], ""speech_prompt"": {}, ""round_idx"": 0}]}",0,Obscured_narrative_v2-session_1, | 帮我看一下这本书定价多少元？,Obscured_narrative_v2-session_1-1,"[{""asr_result"": ""帮我看一下这本书定价多少元？"", ""start_time"": 1.0, ""end_time"": 3.285}]"
13417741,https://lf6-bigspeech-sign.bytetos.com/bigspeech-platform/dorado_data_extract/a3cfe62ba46140a58eac4e59ef94ea45?lk3s=56dfb1e9&x-expires=1849274774&x-signature=GDGRQ%2BjOAxoNQaEUQJ3fOqflOaw%3D,../data/c82daf56-45a9-4e34-ad6c-cf41bb88754c_000000_0_000000.parquet,1,"{""content"": {""U_1"": """", ""A_2"": ""这个说明书上的注册地址是哪里？""}, ""session_id"": ""Obscured_narrative_v2-session_0-1"", ""duration"": 4.094, ""turn_points"": [1.0, 4.094], ""speech_prompt"": [], ""fe_sents"": [], ""text"": "" | 这个说明书上的注册地址是哪里？"", ""start_time"": 1.0, ""end_time"": 4.094, ""sents"": [{""text"": """", ""speaker_id"": ""U"", ""start_time"": 0, ""end_time"": 1.0, ""words"": [], ""speech_prompt"": {}, ""round_idx"": 0}, {""text"": ""这个说明书上的注册地址是哪里？"", ""speaker_id"": ""A"", ""start_time"": 1.0, ""end_time"": 4.094, ""words"": [], ""speech_prompt"": {}, ""round_idx"": 0}]}",0,Obscured_narrative_v2-session_0, | 这个说明书上的注册地址是哪里？,Obscured_narrative_v2-session_0-1,"[{""asr_result"": ""这个说明书上的注册地址是哪里？"", ""start_time"": 1.0, ""end_time"": 4.094}]"
13417742,https://lf3-bigspeech-sign.bytetos.com/bigspeech-platform/dorado_data_extract/937045efcdba45b48eaab535ed2bd0cf?lk3s=56dfb1e9&x-expires=1849274774&x-signature=sP7ux2GzEPSPaarJagEpZt7l66o%3D,../data/c82daf56-45a9-4e34-ad6c-cf41bb88754c_000000_0_000000.parquet,1,"{""content"": {""U_1"": """", ""A_2"": ""说明书下面这排写的是什么？是什么型号吗？""}, ""session_id"": ""Obscured_narrative_v2-session_11-1"", ""duration"": 4.831, ""turn_points"": [1.0, 4.831], ""speech_prompt"": [], ""fe_sents"": [], ""text"": "" | 说明书下面这排写的是什么？是什么型号吗？"", ""start_time"": 1.0, ""end_time"": 4.831, ""sents"": [{""text"": """", ""speaker_id"": ""U"", ""start_time"": 0, ""end_time"": 1.0, ""words"": [], ""speech_prompt"": {}, ""round_idx"": 0}, {""text"": ""说明书下面这排写的是什么？是什么型号吗？"", ""speaker_id"": ""A"", ""start_time"": 1.0, ""end_time"": 4.831, ""words"": [], ""speech_prompt"": {}, ""round_idx"": 0}]}",0,Obscured_narrative_v2-session_11, | 说明书下面这排写的是什么？是什么型号吗？,Obscured_narrative_v2-session_11-1,"[{""asr_result"": ""说明书下面这排写的是什么？是什么型号吗？"", ""start_time"": 1.0, ""end_time"": 4.831}]"
13417743,https://lf9-bigspeech-sign.bytetos.com/bigspeech-platform/dorado_data_extract/e6730e71b42b4db98347af4ca9f1d95a?lk3s=56dfb1e9&x-expires=1849274774&x-signature=TEEyRs7bZmjJtPZ%2FzzugvftH0I4%3D,../data/c82daf56-45a9-4e34-ad6c-cf41bb88754c_000000_0_000000.parquet,1,"{""content"": {""U_1"": """", ""A_2"": ""这本书的文案编辑是谁？""}, ""session_id"": ""Obscured_narrative_v2-session_10-1"", ""duration"": 3.205, ""turn_points"": [1.0, 3.205], ""speech_prompt"": [], ""fe_sents"": [], ""text"": "" | 这本书的文案编辑是谁？"", ""start_time"": 1.0, ""end_time"": 3.205, ""sents"": [{""text"": """", ""speaker_id"": ""U"", ""start_time"": 0, ""end_time"": 1.0, ""words"": [], ""speech_prompt"": {}, ""round_idx"": 0}, {""text"": ""这本书的文案编辑是谁？"", ""speaker_id"": ""A"", ""start_time"": 1.0, ""end_time"": 3.205, ""words"": [], ""speech_prompt"": {}, ""round_idx"": 0}]}",0,Obscured_narrative_v2-session_10, | 这本书的文案编辑是谁？,Obscured_narrative_v2-session_10-1,"[{""asr_result"": ""这本书的文案编辑是谁？"", ""start_time"": 1.0, ""end_time"": 3.205}]"
13417744,https://lf9-bigspeech-sign.bytetos.com/bigspeech-platform/dorado_data_extract/e4cf62e4f9424b24924a0491d52daaba?lk3s=56dfb1e9&x-expires=1849274775&x-signature=m3IxDsI3Q6q01UNEIO875NyHGfs%3D,../data/c82daf56-45a9-4e34-ad6c-cf41bb88754c_000000_0_000000.parquet,1,"{""content"": {""U_1"": """", ""A_2"": ""这本书写着，本书荣获是什么奖呀？""}, ""session_id"": ""Obscured_narrative_v2-session_13-1"", ""duration"": 4.696, ""turn_points"": [1.0, 4.696], ""speech_prompt"": [], ""fe_sents"": [], ""text"": "" | 这本书写着，本书荣获是什么奖呀？"", ""start_time"": 1.0, ""end_time"": 4.696, ""sents"": [{""text"": """", ""speaker_id"": ""U"", ""start_time"": 0, ""end_time"": 1.0, ""words"": [], ""speech_prompt"": {}, ""round_idx"": 0}, {""text"": ""这本书写着，本书荣获是什么奖呀？"", ""speaker_id"": ""A"", ""start_time"": 1.0, ""end_time"": 4.696, ""words"": [], ""speech_prompt"": {}, ""round_idx"": 0}]}",0,Obscured_narrative_v2-session_13, | 这本书写着，本书荣获是什么奖呀？,Obscured_narrative_v2-session_13-1,"[{""asr_result"": """", ""start_time"": 1.0, ""end_time"": 4.696}]"
13417745,https://lf6-bigspeech-sign.bytetos.com/bigspeech-platform/dorado_data_extract/d11285de24be4d11866125b278421daa?lk3s=56dfb1e9&x-expires=1849274775&x-signature=MaFDxpUbie9WduFOrCOgxerbq9E%3D,../data/c82daf56-45a9-4e34-ad6c-cf41bb88754c_000000_0_000000.parquet,1,"{""content"": {""U_1"": """", ""A_2"": ""这个飞机下面的第一行写的是什么？""}, ""session_id"": ""Obscured_narrative_v2-session_12-1"", ""duration"": 4.037, ""turn_points"": [1.0, 4.037], ""speech_prompt"": [], ""fe_sents"": [], ""text"": "" | 这个飞机下面的第一行写的是什么？"", ""start_time"": 1.0, ""end_time"": 4.037, ""sents"": [{""text"": """", ""speaker_id"": ""U"", ""start_time"": 0, ""end_time"": 1.0, ""words"": [], ""speech_prompt"": {}, ""round_idx"": 0}, {""text"": ""这个飞机下面的第一行写的是什么？"", ""speaker_id"": ""A"", ""start_time"": 1.0, ""end_time"": 4.037, ""words"": [], ""speech_prompt"": {}, ""round_idx"": 0}]}",0,Obscured_narrative_v2-session_12, | 这个飞机下面的第一行写的是什么？,Obscured_narrative_v2-session_12-1,"[{""asr_result"": ""这个飞机下面的第一行写的是什么？"", ""start_time"": 1.0, ""end_time"": 4.037}]"
13417746,https://lf3-bigspeech-sign.bytetos.com/bigspeech-platform/dorado_data_extract/d2fbf91c422048e382d683b8f05e86bf?lk3s=56dfb1e9&x-expires=1849274775&x-signature=PxPBjSr6YRlVnet5lLhlWfLlIMk%3D,../data/c82daf56-45a9-4e34-ad6c-cf41bb88754c_000000_0_000000.parquet,1,"{""content"": {""U_1"": """", ""A_2"": ""我需要用多少度的水来冲调这个饮品？""}, ""session_id"": ""Obscured_narrative_v2-session_16-1"", ""duration"": 4.148, ""turn_points"": [1.0, 4.148], ""speech_prompt"": [], ""fe_sents"": [], ""text"": "" | 我需要用多少度的水来冲调这个饮品？"", ""start_time"": 1.0, ""end_time"": 4.148, ""sents"": [{""text"": """", ""speaker_id"": ""U"", ""start_time"": 0, ""end_time"": 1.0, ""words"": [], ""speech_prompt"": {}, ""round_idx"": 0}, {""text"": ""我需要用多少度的水来冲调这个饮品？"", ""speaker_id"": ""A"", ""start_time"": 1.0, ""end_time"": 4.148, ""words"": [], ""speech_prompt"": {}, ""round_idx"": 0}]}",0,Obscured_narrative_v2-session_16, | 我需要用多少度的水来冲调这个饮品？,Obscured_narrative_v2-session_16-1,"[{""asr_result"": ""我需要用多少度的水来冲调这个饮品？"", ""start_time"": 1.0, ""end_time"": 4.148}]"
13417747,https://lf26-bigspeech-sign.bytetos.com/bigspeech-platform/dorado_data_extract/478c41c154c448ad86c6bf697c23993c?lk3s=56dfb1e9&x-expires=1849274775&x-signature=yL8s1sUF1b04tvnkQ9CYHYPd0aw%3D,../data/c82daf56-45a9-4e34-ad6c-cf41bb88754c_000000_0_000000.parquet,1,"{""content"": {""U_1"": """", ""A_2"": ""这个说明号里写的是什么？""}, ""session_id"": ""Obscured_narrative_v2-session_17-1"", ""duration"": 3.277, ""turn_points"": [1.0, 3.277], ""speech_prompt"": [], ""fe_sents"": [], ""text"": "" | 这个说明号里写的是什么？"", ""start_time"": 1.0, ""end_time"": 3.277, ""sents"": [{""text"": """", ""speaker_id"": ""U"", ""start_time"": 0, ""end_time"": 1.0, ""words"": [], ""speech_prompt"": {}, ""round_idx"": 0}, {""text"": ""这个说明号里写的是什么？"", ""speaker_id"": ""A"", ""start_time"": 1.0, ""end_time"": 3.277, ""words"": [], ""speech_prompt"": {}, ""round_idx"": 0}]}",0,Obscured_narrative_v2-session_17, | 这个说明号里写的是什么？,Obscured_narrative_v2-session_17-1,"[{""asr_result"": ""这个说明号里写的是什么？"", ""start_time"": 1.0, ""end_time"": 3.277}]"
13417748,https://lf26-bigspeech-sign.bytetos.com/bigspeech-platform/dorado_data_extract/1185d1e756db4b7dac21ee5c98877f22?lk3s=56dfb1e9&x-expires=1849274775&x-signature=SF38B%2F8oIVGZqprfEH8q3YsWUt0%3D,../data/c82daf56-45a9-4e34-ad6c-cf41bb88754c_000000_0_000000.parquet,1,"{""content"": {""U_1"": """", ""A_2"": ""图片下面写的是什么名字？""}, ""session_id"": ""Obscured_narrative_v2-session_18-1"", ""duration"": 3.079, ""turn_points"": [1.0, 3.079], ""speech_prompt"": [], ""fe_sents"": [], ""text"": "" | 图片下面写的是什么名字？"", ""start_time"": 1.0, ""end_time"": 3.079, ""sents"": [{""text"": """", ""speaker_id"": ""U"", ""start_time"": 0, ""end_time"": 1.0, ""words"": [], ""speech_prompt"": {}, ""round_idx"": 0}, {""text"": ""图片下面写的是什么名字？"", ""speaker_id"": ""A"", ""start_time"": 1.0, ""end_time"": 3.079, ""words"": [], ""speech_prompt"": {}, ""round_idx"": 0}]}",0,Obscured_narrative_v2-session_18, | 图片下面写的是什么名字？,Obscured_narrative_v2-session_18-1,"[{""asr_result"": ""图片下面写的是什么名字？"", ""start_time"": 1.0, ""end_time"": 3.079}]"
13417749,https://lf9-bigspeech-sign.bytetos.com/bigspeech-platform/dorado_data_extract/8086503539794badab9c3f125cc1917e?lk3s=56dfb1e9&x-expires=1849274775&x-signature=aK0vmBlAwItTckZzuTFLye5S9Vc%3D,../data/c82daf56-45a9-4e34-ad6c-cf41bb88754c_000000_0_000000.parquet,1,"{""content"": {""U_1"": """", ""A_2"": ""第二讲标题是什么？""}, ""session_id"": ""Obscured_narrative_v2-session_15-1"", ""duration"": 2.5, ""turn_points"": [1.0, 2.5], ""speech_prompt"": [], ""fe_sents"": [], ""text"": "" | 第二讲标题是什么？"", ""start_time"": 1.0, ""end_time"": 2.5, ""sents"": [{""text"": """", ""speaker_id"": ""U"", ""start_time"": 0, ""end_time"": 1.0, ""words"": [], ""speech_prompt"": {}, ""round_idx"": 0}, {""text"": ""第二讲标题是什么？"", ""speaker_id"": ""A"", ""start_time"": 1.0, ""end_time"": 2.5, ""words"": [], ""speech_prompt"": {}, ""round_idx"": 0}]}",0,Obscured_narrative_v2-session_15, | 第二讲标题是什么？,Obscured_narrative_v2-session_15-1,"[{""asr_result"": ""第 2 讲标题是什么？"", ""start_time"": 1.0, ""end_time"": 2.5}]"
13417750,https://lf6-bigspeech-sign.bytetos.com/bigspeech-platform/dorado_data_extract/f38e7a569f5749b286a3e4281252f664?lk3s=56dfb1e9&x-expires=1849274775&x-signature=d5Tk3enghk6aYZMECM3697hmxBQ%3D,../data/c82daf56-45a9-4e34-ad6c-cf41bb88754c_000000_0_000000.parquet,1,"{""content"": {""U_1"": """", ""A_2"": ""第三章的章节名称是什么？""}, ""session_id"": ""Obscured_narrative_v2-session_19-1"", ""duration"": 3.41, ""turn_points"": [1.0, 3.41], ""speech_prompt"": [], ""fe_sents"": [], ""text"": "" | 第三章的章节名称是什么？"", ""start_time"": 1.0, ""end_time"": 3.41, ""sents"": [{""text"": """", ""speaker_id"": ""U"", ""start_time"": 0, ""end_time"": 1.0, ""words"": [], ""speech_prompt"": {}, ""round_idx"": 0}, {""text"": ""第三章的章节名称是什么？"", ""speaker_id"": ""A"", ""start_time"": 1.0, ""end_time"": 3.41, ""words"": [], ""speech_prompt"": {}, ""round_idx"": 0}]}",0,Obscured_narrative_v2-session_19, | 第三章的章节名称是什么？,Obscured_narrative_v2-session_19-1,"[{""asr_result"": ""第 3 章的章节名称是什么？"", ""start_time"": 1.0, ""end_time"": 3.41}]"
13417751,https://lf3-bigspeech-sign.bytetos.com/bigspeech-platform/dorado_data_extract/b3b3d80ae88641319f5a38110810fefa?lk3s=56dfb1e9&x-expires=1849274775&x-signature=zlrNr%2F4klFORp3v1OnGZNH6efIM%3D,../data/c82daf56-45a9-4e34-ad6c-cf41bb88754c_000000_0_000000.parquet,1,"{""content"": {""U_1"": """", ""A_2"": ""豆包这个书的名字叫什么？""}, ""session_id"": ""Obscured_narrative_v2-session_21-1"", ""duration"": 3.3, ""turn_points"": [1.0, 3.3], ""speech_prompt"": [], ""fe_sents"": [], ""text"": "" | 豆包这个书的名字叫什么？"", ""start_time"": 1.0, ""end_time"": 3.3, ""sents"": [{""text"": """", ""speaker_id"": ""U"", ""start_time"": 0, ""end_time"": 1.0, ""words"": [], ""speech_prompt"": {}, ""round_idx"": 0}, {""text"": ""豆包这个书的名字叫什么？"", ""speaker_id"": ""A"", ""start_time"": 1.0, ""end_time"": 3.3, ""words"": [], ""speech_prompt"": {}, ""round_idx"": 0}]}",0,Obscured_narrative_v2-session_21, | 豆包这个书的名字叫什么？,Obscured_narrative_v2-session_21-1,"[{""asr_result"": ""豆包，这个书的名字叫什么？"", ""start_time"": 1.0, ""end_time"": 3.3}]"
13417752,https://lf26-bigspeech-sign.bytetos.com/bigspeech-platform/dorado_data_extract/73d060cd2bc64fc1ae5bb4c03ab77b3e?lk3s=56dfb1e9&x-expires=1849274775&x-signature=RZoGkaGk5czM5eP4eZUzjz440wI%3D,../data/c82daf56-45a9-4e34-ad6c-cf41bb88754c_000000_0_000000.parquet,1,"{""content"": {""U_1"": """", ""A_2"": ""读一下第四题。""}, ""session_id"": ""Obscured_narrative_v2-session_22-1"", ""duration"": 2.3, ""turn_points"": [1.0, 2.3], ""speech_prompt"": [], ""fe_sents"": [], ""text"": "" | 读一下第四题。"", ""start_time"": 1.0, ""end_time"": 2.3, ""sents"": [{""text"": """", ""speaker_id"": ""U"", ""start_time"": 0, ""end_time"": 1.0, ""words"": [], ""speech_prompt"": {}, ""round_idx"": 0}, {""text"": ""读一下第四题。"", ""speaker_id"": ""A"", ""start_time"": 1.0, ""end_time"": 2.3, ""words"": [], ""speech_prompt"": {}, ""round_idx"": 0}]}",0,Obscured_narrative_v2-session_22, | 读一下第四题。,Obscured_narrative_v2-session_22-1,"[{""asr_result"": ""读一下第 4 题。"", ""start_time"": 1.0, ""end_time"": 2.3}]"
13417753,https://lf9-bigspeech-sign.bytetos.com/bigspeech-platform/dorado_data_extract/06357dadf99542d5b1bad0fe9e4c850f?lk3s=56dfb1e9&x-expires=1849274775&x-signature=ZkQXOy5mToi%2FdA2KYuYSni1LrOI%3D,../data/c82daf56-45a9-4e34-ad6c-cf41bb88754c_000000_0_000000.parquet,1,"{""content"": {""U_1"": """", ""A_2"": ""你好，豆包，请问这个药品的有效期是多久？""}, ""session_id"": ""Obscured_narrative_v2-session_2-1"", ""duration"": 4.508, ""turn_points"": [1.0, 4.508], ""speech_prompt"": [], ""fe_sents"": [], ""text"": "" | 你好，豆包，请问这个药品的有效期是多久？"", ""start_time"": 1.0, ""end_time"": 4.508, ""sents"": [{""text"": """", ""speaker_id"": ""U"", ""start_time"": 0, ""end_time"": 1.0, ""words"": [], ""speech_prompt"": {}, ""round_idx"": 0}, {""text"": ""你好，豆包，请问这个药品的有效期是多久？"", ""speaker_id"": ""A"", ""start_time"": 1.0, ""end_time"": 4.508, ""words"": [], ""speech_prompt"": {}, ""round_idx"": 0}]}",0,Obscured_narrative_v2-session_2, | 你好，豆包，请问这个药品的有效期是多久？,Obscured_narrative_v2-session_2-1,"[{""asr_result"": ""你好，豆包。请问这个药品的有效期是多久？"", ""start_time"": 1.0, ""end_time"": 4.508}]"
13417754,https://lf9-bigspeech-sign.bytetos.com/bigspeech-platform/dorado_data_extract/905e22fbd6a3442a8541e5fb606bcb2f?lk3s=56dfb1e9&x-expires=1849274775&x-signature=2Rtr0qqYF7SQp6sWWvXaMga2UKM%3D,../data/c82daf56-45a9-4e34-ad6c-cf41bb88754c_000000_0_000000.parquet,1,"{""content"": {""U_1"": """", ""A_2"": ""你可以帮我读一下这个小说目录第一章的内容吗？""}, ""session_id"": ""Obscured_narrative_v2-session_23-1"", ""duration"": 4.602, ""turn_points"": [1.0, 4.602], ""speech_prompt"": [], ""fe_sents"": [], ""text"": "" | 你可以帮我读一下这个小说目录第一章的内容吗？"", ""start_time"": 1.0, ""end_time"": 4.602, ""sents"": [{""text"": """", ""speaker_id"": ""U"", ""start_time"": 0, ""end_time"": 1.0, ""words"": [], ""speech_prompt"": {}, ""round_idx"": 0}, {""text"": ""你可以帮我读一下这个小说目录第一章的内容吗？"", ""speaker_id"": ""A"", ""start_time"": 1.0, ""end_time"": 4.602, ""words"": [], ""speech_prompt"": {}, ""round_idx"": 0}]}",0,Obscured_narrative_v2-session_23, | 你可以帮我读一下这个小说目录第一章的内容吗？,Obscured_narrative_v2-session_23-1,"[{""asr_result"": ""你可以帮我读一下这个小说目录第一章的内容吗？"", ""start_time"": 1.0, ""end_time"": 4.602}]"
13417755,https://lf6-bigspeech-sign.bytetos.com/bigspeech-platform/dorado_data_extract/873a6c6fffe24eaa87152df01b78ffc6?lk3s=56dfb1e9&x-expires=1849274775&x-signature=KZcB87LDXdyPHOZJYawrbIfVnco%3D,../data/c82daf56-45a9-4e34-ad6c-cf41bb88754c_000000_0_000000.parquet,1,"{""content"": {""U_1"": """", ""A_2"": ""藿香正气液是由什么中药成分组成的？""}, ""session_id"": ""Obscured_narrative_v2-session_24-1"", ""duration"": 4.614, ""turn_points"": [1.0, 4.614], ""speech_prompt"": [], ""fe_sents"": [], ""text"": "" | 藿香正气液是由什么中药成分组成的？"", ""start_time"": 1.0, ""end_time"": 4.614, ""sents"": [{""text"": """", ""speaker_id"": ""U"", ""start_time"": 0, ""end_time"": 1.0, ""words"": [], ""speech_prompt"": {}, ""round_idx"": 0}, {""text"": ""藿香正气液是由什么中药成分组成的？"", ""speaker_id"": ""A"", ""start_time"": 1.0, ""end_time"": 4.614, ""words"": [], ""speech_prompt"": {}, ""round_idx"": 0}]}",0,Obscured_narrative_v2-session_24, | 藿香正气液是由什么中药成分组成的？,Obscured_narrative_v2-session_24-1,"[{""asr_result"": ""藿香正气液是由什么中药成分组成的？"", ""start_time"": 1.0, ""end_time"": 4.614}]"
13417756,https://lf9-bigspeech-sign.bytetos.com/bigspeech-platform/dorado_data_extract/198dc7badb594e8e8c98c9c3f3d40df0?lk3s=56dfb1e9&x-expires=1849274775&x-signature=5EYhVC9T1vGPKv%2Fgai7S5oUfIwk%3D,../data/c82daf56-45a9-4e34-ad6c-cf41bb88754c_000000_0_000000.parquet,1,"{""content"": {""U_1"": """", ""A_2"": ""这本小说有多少万字啊？""}, ""session_id"": ""Obscured_narrative_v2-session_25-1"", ""duration"": 2.901, ""turn_points"": [1.0, 2.901], ""speech_prompt"": [], ""fe_sents"": [], ""text"": "" | 这本小说有多少万字啊？"", ""start_time"": 1.0, ""end_time"": 2.901, ""sents"": [{""text"": """", ""speaker_id"": ""U"", ""start_time"": 0, ""end_time"": 1.0, ""words"": [], ""speech_prompt"": {}, ""round_idx"": 0}, {""text"": ""这本小说有多少万字啊？"", ""speaker_id"": ""A"", ""start_time"": 1.0, ""end_time"": 2.901, ""words"": [], ""speech_prompt"": {}, ""round_idx"": 0}]}",0,Obscured_narrative_v2-session_25, | 这本小说有多少万字啊？,Obscured_narrative_v2-session_25-1,"[{""asr_result"": ""这本小说有多少万字啊？"", ""start_time"": 1.0, ""end_time"": 2.901}]"
13417757,https://lf9-bigspeech-sign.bytetos.com/bigspeech-platform/dorado_data_extract/9c9073febd2d4eb59055fcd6c5c196aa?lk3s=56dfb1e9&x-expires=1849274775&x-signature=9C4%2BOOPtLS%2FtnIJca5t22jLNTGE%3D,../data/c82daf56-45a9-4e34-ad6c-cf41bb88754c_000000_0_000000.parquet,1,"{""content"": {""U_1"": """", ""A_2"": ""现在车内的温度是多少度？""}, ""session_id"": ""Obscured_narrative_v2-session_27-1"", ""duration"": 3.351, ""turn_points"": [1.0, 3.351], ""speech_prompt"": [], ""fe_sents"": [], ""text"": "" | 现在车内的温度是多少度？"", ""start_time"": 1.0, ""end_time"": 3.351, ""sents"": [{""text"": """", ""speaker_id"": ""U"", ""start_time"": 0, ""end_time"": 1.0, ""words"": [], ""speech_prompt"": {}, ""round_idx"": 0}, {""text"": ""现在车内的温度是多少度？"", ""speaker_id"": ""A"", ""start_time"": 1.0, ""end_time"": 3.351, ""words"": [], ""speech_prompt"": {}, ""round_idx"": 0}]}",0,Obscured_narrative_v2-session_27, | 现在车内的温度是多少度？,Obscured_narrative_v2-session_27-1,"[{""asr_result"": ""现在车内的温度是多少度？"", ""start_time"": 1.0, ""end_time"": 3.351}]"
13417758,https://lf9-bigspeech-sign.bytetos.com/bigspeech-platform/dorado_data_extract/f10ac6cb7765482d804cc214acfa0375?lk3s=56dfb1e9&x-expires=1849274775&x-signature=KxQRS2DFgIsSnipt41rtUgwxEKc%3D,../data/c82daf56-45a9-4e34-ad6c-cf41bb88754c_000000_0_000000.parquet,1,"{""content"": {""U_1"": """", ""A_2"": ""这是什么品牌的药？""}, ""session_id"": ""Obscured_narrative_v2-session_30-1"", ""duration"": 2.755, ""turn_points"": [1.0, 2.755], ""speech_prompt"": [], ""fe_sents"": [], ""text"": "" | 这是什么品牌的药？"", ""start_time"": 1.0, ""end_time"": 2.755, ""sents"": [{""text"": """", ""speaker_id"": ""U"", ""start_time"": 0, ""end_time"": 1.0, ""words"": [], ""speech_prompt"": {}, ""round_idx"": 0}, {""text"": ""这是什么品牌的药？"", ""speaker_id"": ""A"", ""start_time"": 1.0, ""end_time"": 2.755, ""words"": [], ""speech_prompt"": {}, ""round_idx"": 0}]}",0,Obscured_narrative_v2-session_30, | 这是什么品牌的药？,Obscured_narrative_v2-session_30-1,"[{""asr_result"": ""这是什么品牌的药？"", ""start_time"": 1.0, ""end_time"": 2.755}]"
13417759,https://lf6-bigspeech-sign.bytetos.com/bigspeech-platform/dorado_data_extract/b3b4292ba9d747d581e50da193b2d4fc?lk3s=56dfb1e9&x-expires=1849274775&x-signature=qqbsCFJcloCmBT%2FmPaQ0eQRHWRY%3D,../data/c82daf56-45a9-4e34-ad6c-cf41bb88754c_000000_0_000000.parquet,1,"{""content"": {""U_1"": """", ""A_2"": ""你好，豆包，请帮我看一下第二大题的分值是多少？""}, ""session_id"": ""Obscured_narrative_v2-session_3-1"", ""duration"": 4.883, ""turn_points"": [1.0, 4.883], ""speech_prompt"": [], ""fe_sents"": [], ""text"": "" | 你好，豆包，请帮我看一下第二大题的分值是多少？"", ""start_time"": 1.0, ""end_time"": 4.883, ""sents"": [{""text"": """", ""speaker_id"": ""U"", ""start_time"": 0, ""end_time"": 1.0, ""words"": [], ""speech_prompt"": {}, ""round_idx"": 0}, {""text"": ""你好，豆包，请帮我看一下第二大题的分值是多少？"", ""speaker_id"": ""A"", ""start_time"": 1.0, ""end_time"": 4.883, ""words"": [], ""speech_prompt"": {}, ""round_idx"": 0}]}",0,Obscured_narrative_v2-session_3, | 你好，豆包，请帮我看一下第二大题的分值是多少？,Obscured_narrative_v2-session_3-1,"[{""asr_result"": ""你好，豆包。请帮我看一下第二大题的分值是多少？"", ""start_time"": 1.0, ""end_time"": 4.883}]"
13417760,https://lf26-bigspeech-sign.bytetos.com/bigspeech-platform/dorado_data_extract/2d0e5ce31cc94b2aaeed8e1de02631c6?lk3s=56dfb1e9&x-expires=1849274775&x-signature=Euv%2FcaLJ%2FU6pKGF8tMZZlQjI0%2Fk%3D,../data/c82daf56-45a9-4e34-ad6c-cf41bb88754c_000000_0_000000.parquet,1,"{""content"": {""U_1"": """", ""A_2"": ""我现在玩到游戏的第几关了？""}, ""session_id"": ""Obscured_narrative_v2-session_26-1"", ""duration"": 3.395, ""turn_points"": [1.0, 3.395], ""speech_prompt"": [], ""fe_sents"": [], ""text"": "" | 我现在玩到游戏的第几关了？"", ""start_time"": 1.0, ""end_time"": 3.395, ""sents"": [{""text"": """", ""speaker_id"": ""U"", ""start_time"": 0, ""end_time"": 1.0, ""words"": [], ""speech_prompt"": {}, ""round_idx"": 0}, {""text"": ""我现在玩到游戏的第几关了？"", ""speaker_id"": ""A"", ""start_time"": 1.0, ""end_time"": 3.395, ""words"": [], ""speech_prompt"": {}, ""round_idx"": 0}]}",0,Obscured_narrative_v2-session_26, | 我现在玩到游戏的第几关了？,Obscured_narrative_v2-session_26-1,"[{""asr_result"": ""我现在玩到游戏的第几关了？"", ""start_time"": 1.0, ""end_time"": 3.395}]"
13417761,https://lf26-bigspeech-sign.bytetos.com/bigspeech-platform/dorado_data_extract/e9d0e350ab1b470ea9212e8e708ae4bf?lk3s=56dfb1e9&x-expires=1849274775&x-signature=KdLXAOnW9ItdHTWfxQ9UV6yQ%2BPY%3D,../data/c82daf56-45a9-4e34-ad6c-cf41bb88754c_000000_0_000000.parquet,1,"{""content"": {""U_1"": """", ""A_2"": ""记录下这里的直播权限封禁了多少天？""}, ""session_id"": ""Obscured_narrative_v2-session_28-1"", ""duration"": 4.326, ""turn_points"": [1.0, 4.326], ""speech_prompt"": [], ""fe_sents"": [], ""text"": "" | 记录下这里的直播权限封禁了多少天？"", ""start_time"": 1.0, ""end_time"": 4.326, ""sents"": [{""text"": """", ""speaker_id"": ""U"", ""start_time"": 0, ""end_time"": 1.0, ""words"": [], ""speech_prompt"": {}, ""round_idx"": 0}, {""text"": ""记录下这里的直播权限封禁了多少天？"", ""speaker_id"": ""A"", ""start_time"": 1.0, ""end_time"": 4.326, ""words"": [], ""speech_prompt"": {}, ""round_idx"": 0}]}",0,Obscured_narrative_v2-session_28, | 记录下这里的直播权限封禁了多少天？,Obscured_narrative_v2-session_28-1,"[{""asr_result"": ""记录下这里的直播权限封禁了多少天。"", ""start_time"": 1.0, ""end_time"": 4.326}]"
13417762,https://lf26-bigspeech-sign.bytetos.com/bigspeech-platform/dorado_data_extract/e73debad4d4b4abf817944a9aa52dcd0?lk3s=56dfb1e9&x-expires=1849274775&x-signature=bBXfUVIsNo%2B1EeiEAGO46CRRmzY%3D,../data/c82daf56-45a9-4e34-ad6c-cf41bb88754c_000000_0_000000.parquet,1,"{""content"": {""U_1"": """", ""A_2"": ""请问这本书是哪一年上架的？""}, ""session_id"": ""Obscured_narrative_v2-session_32-1"", ""duration"": 3.689, ""turn_points"": [1.0, 3.689], ""speech_prompt"": [], ""fe_sents"": [], ""text"": "" | 请问这本书是哪一年上架的？"", ""start_time"": 1.0, ""end_time"": 3.689, ""sents"": [{""text"": """", ""speaker_id"": ""U"", ""start_time"": 0, ""end_time"": 1.0, ""words"": [], ""speech_prompt"": {}, ""round_idx"": 0}, {""text"": ""请问这本书是哪一年上架的？"", ""speaker_id"": ""A"", ""start_time"": 1.0, ""end_time"": 3.689, ""words"": [], ""speech_prompt"": {}, ""round_idx"": 0}]}",0,Obscured_narrative_v2-session_32, | 请问这本书是哪一年上架的？,Obscured_narrative_v2-session_32-1,"[{""asr_result"": ""请问这本书是哪一年上架的？"", ""start_time"": 1.0, ""end_time"": 3.689}]"
13417763,https://lf9-bigspeech-sign.bytetos.com/bigspeech-platform/dorado_data_extract/cd43e7bb46794e30b4b4112d32daada5?lk3s=56dfb1e9&x-expires=1849274775&x-signature=5otph0no1G%2FfLxSwXanT%2FRErp%2Fc%3D,../data/c82daf56-45a9-4e34-ad6c-cf41bb88754c_000000_0_000000.parquet,1,"{""content"": {""U_1"": """", ""A_2"": ""这个新闻的标题是什么？""}, ""session_id"": ""Obscured_narrative_v2-session_33-1"", ""duration"": 3.07, ""turn_points"": [1.0, 3.07], ""speech_prompt"": [], ""fe_sents"": [], ""text"": "" | 这个新闻的标题是什么？"", ""start_time"": 1.0, ""end_time"": 3.07, ""sents"": [{""text"": """", ""speaker_id"": ""U"", ""start_time"": 0, ""end_time"": 1.0, ""words"": [], ""speech_prompt"": {}, ""round_idx"": 0}, {""text"": ""这个新闻的标题是什么？"", ""speaker_id"": ""A"", ""start_time"": 1.0, ""end_time"": 3.07, ""words"": [], ""speech_prompt"": {}, ""round_idx"": 0}]}",0,Obscured_narrative_v2-session_33, | 这个新闻的标题是什么？,Obscured_narrative_v2-session_33-1,"[{""asr_result"": ""这个新闻的标题是什么？"", ""start_time"": 1.0, ""end_time"": 3.07}]"
13417764,https://lf26-bigspeech-sign.bytetos.com/bigspeech-platform/dorado_data_extract/ef6669e2c1ec4cd3901d831c02586a20?lk3s=56dfb1e9&x-expires=1849274775&x-signature=1sNTO%2FpK37yMj4%2BuVf5ElTFqAXs%3D,../data/c82daf56-45a9-4e34-ad6c-cf41bb88754c_000000_0_000000.parquet,1,"{""content"": {""U_1"": """", ""A_2"": ""这是什么小区啊？""}, ""session_id"": ""Obscured_narrative_v2-session_38-1"", ""duration"": 2.681, ""turn_points"": [1.0, 2.681], ""speech_prompt"": [], ""fe_sents"": [], ""text"": "" | 这是什么小区啊？"", ""start_time"": 1.0, ""end_time"": 2.681, ""sents"": [{""text"": """", ""speaker_id"": ""U"", ""start_time"": 0, ""end_time"": 1.0, ""words"": [], ""speech_prompt"": {}, ""round_idx"": 0}, {""text"": ""这是什么小区啊？"", ""speaker_id"": ""A"", ""start_time"": 1.0, ""end_time"": 2.681, ""words"": [], ""speech_prompt"": {}, ""round_idx"": 0}]}",0,Obscured_narrative_v2-session_38, | 这是什么小区啊？,Obscured_narrative_v2-session_38-1,"[{""asr_result"": ""这是什么小区啊？"", ""start_time"": 1.0, ""end_time"": 2.681}]"
13417765,https://lf26-bigspeech-sign.bytetos.com/bigspeech-platform/dorado_data_extract/5732e9c7e7c34057b61ea125865cf15b?lk3s=56dfb1e9&x-expires=1849274775&x-signature=qcSIxFvga2tovPFwN3FNiV%2B9gdI%3D,../data/c82daf56-45a9-4e34-ad6c-cf41bb88754c_000000_0_000000.parquet,1,"{""content"": {""U_1"": """", ""A_2"": ""这款果汁机的售价是多少钱？""}, ""session_id"": ""Obscured_narrative_v2-session_37-1"", ""duration"": 3.279, ""turn_points"": [1.0, 3.279], ""speech_prompt"": [], ""fe_sents"": [], ""text"": "" | 这款果汁机的售价是多少钱？"", ""start_time"": 1.0, ""end_time"": 3.279, ""sents"": [{""text"": """", ""speaker_id"": ""U"", ""start_time"": 0, ""end_time"": 1.0, ""words"": [], ""speech_prompt"": {}, ""round_idx"": 0}, {""text"": ""这款果汁机的售价是多少钱？"", ""speaker_id"": ""A"", ""start_time"": 1.0, ""end_time"": 3.279, ""words"": [], ""speech_prompt"": {}, ""round_idx"": 0}]}",0,Obscured_narrative_v2-session_37, | 这款果汁机的售价是多少钱？,Obscured_narrative_v2-session_37-1,"[{""asr_result"": ""这款果汁机的售价是多少钱？"", ""start_time"": 1.0, ""end_time"": 3.279}]"
13417766,https://lf3-bigspeech-sign.bytetos.com/bigspeech-platform/dorado_data_extract/61a6b35547fd4ae8aacc262cd0f51b79?lk3s=56dfb1e9&x-expires=1849274775&x-signature=3hl5jnQaSRSKUDHVVVWDNXG4G5M%3D,../data/c82daf56-45a9-4e34-ad6c-cf41bb88754c_000000_0_000000.parquet,1,"{""content"": {""U_1"": """", ""A_2"": ""这个白底框上面写的是什么字？""}, ""session_id"": ""Obscured_narrative_v2-session_36-1"", ""duration"": 3.905, ""turn_points"": [1.0, 3.905], ""speech_prompt"": [], ""fe_sents"": [], ""text"": "" | 这个白底框上面写的是什么字？"", ""start_time"": 1.0, ""end_time"": 3.905, ""sents"": [{""text"": """", ""speaker_id"": ""U"", ""start_time"": 0, ""end_time"": 1.0, ""words"": [], ""speech_prompt"": {}, ""round_idx"": 0}, {""text"": ""这个白底框上面写的是什么字？"", ""speaker_id"": ""A"", ""start_time"": 1.0, ""end_time"": 3.905, ""words"": [], ""speech_prompt"": {}, ""round_idx"": 0}]}",0,Obscured_narrative_v2-session_36, | 这个白底框上面写的是什么字？,Obscured_narrative_v2-session_36-1,"[{""asr_result"": ""这个白底框上面写的是什么字？"", ""start_time"": 1.0, ""end_time"": 3.905}]"
13417767,https://lf26-bigspeech-sign.bytetos.com/bigspeech-platform/dorado_data_extract/57889cc43b384edbbbeb9cda36cb8431?lk3s=56dfb1e9&x-expires=1849274775&x-signature=KQJl%2BN77tiAgCXN3KQ0ji%2B7sKkM%3D,../data/c82daf56-45a9-4e34-ad6c-cf41bb88754c_000000_0_000000.parquet,1,"{""content"": {""U_1"": """", ""A_2"": ""对面这家餐馆叫什么名字？""}, ""session_id"": ""Obscured_narrative_v2-session_40-1"", ""duration"": 3.481, ""turn_points"": [1.0, 3.481], ""speech_prompt"": [], ""fe_sents"": [], ""text"": "" | 对面这家餐馆叫什么名字？"", ""start_time"": 1.0, ""end_time"": 3.481, ""sents"": [{""text"": """", ""speaker_id"": ""U"", ""start_time"": 0, ""end_time"": 1.0, ""words"": [], ""speech_prompt"": {}, ""round_idx"": 0}, {""text"": ""对面这家餐馆叫什么名字？"", ""speaker_id"": ""A"", ""start_time"": 1.0, ""end_time"": 3.481, ""words"": [], ""speech_prompt"": {}, ""round_idx"": 0}]}",0,Obscured_narrative_v2-session_40, | 对面这家餐馆叫什么名字？,Obscured_narrative_v2-session_40-1,"[{""asr_result"": ""对面这家餐馆叫什么名字？"", ""start_time"": 1.0, ""end_time"": 3.481}]"
13417768,https://lf3-bigspeech-sign.bytetos.com/bigspeech-platform/dorado_data_extract/d06a5b2651d746608313c041c4b0e3ab?lk3s=56dfb1e9&x-expires=1849274775&x-signature=zLVMSDBWUL1O4anPOKj%2F%2FPJj9rE%3D,../data/c82daf56-45a9-4e34-ad6c-cf41bb88754c_000000_0_000000.parquet,1,"{""content"": {""U_1"": """", ""A_2"": ""对面儿这家红色招牌的饭店叫什么名字？""}, ""session_id"": ""Obscured_narrative_v2-session_41-1"", ""duration"": 4.1, ""turn_points"": [1.0, 4.1], ""speech_prompt"": [], ""fe_sents"": [], ""text"": "" | 对面儿这家红色招牌的饭店叫什么名字？"", ""start_time"": 1.0, ""end_time"": 4.1, ""sents"": [{""text"": """", ""speaker_id"": ""U"", ""start_time"": 0, ""end_time"": 1.0, ""words"": [], ""speech_prompt"": {}, ""round_idx"": 0}, {""text"": ""对面儿这家红色招牌的饭店叫什么名字？"", ""speaker_id"": ""A"", ""start_time"": 1.0, ""end_time"": 4.1, ""words"": [], ""speech_prompt"": {}, ""round_idx"": 0}]}",0,Obscured_narrative_v2-session_41, | 对面儿这家红色招牌的饭店叫什么名字？,Obscured_narrative_v2-session_41-1,"[{""asr_result"": """", ""start_time"": 1.0, ""end_time"": 4.1}]"
13417769,https://lf9-bigspeech-sign.bytetos.com/bigspeech-platform/dorado_data_extract/d79143edd22045d7b3a2f66660ae1bb8?lk3s=56dfb1e9&x-expires=1849274775&x-signature=u6r%2FDXWGJMmNxPR78hRX%2FXD5yl4%3D,../data/c82daf56-45a9-4e34-ad6c-cf41bb88754c_000000_0_000000.parquet,1,"{""content"": {""U_1"": """", ""A_2"": ""这个是什么小区？""}, ""session_id"": ""Obscured_narrative_v2-session_39-1"", ""duration"": 2.275, ""turn_points"": [1.0, 2.275], ""speech_prompt"": [], ""fe_sents"": [], ""text"": "" | 这个是什么小区？"", ""start_time"": 1.0, ""end_time"": 2.275, ""sents"": [{""text"": """", ""speaker_id"": ""U"", ""start_time"": 0, ""end_time"": 1.0, ""words"": [], ""speech_prompt"": {}, ""round_idx"": 0}, {""text"": ""这个是什么小区？"", ""speaker_id"": ""A"", ""start_time"": 1.0, ""end_time"": 2.275, ""words"": [], ""speech_prompt"": {}, ""round_idx"": 0}]}",0,Obscured_narrative_v2-session_39, | 这个是什么小区？,Obscured_narrative_v2-session_39-1,"[{""asr_result"": ""这个是什么小区？"", ""start_time"": 1.0, ""end_time"": 2.275}]"
13417770,https://lf9-bigspeech-sign.bytetos.com/bigspeech-platform/dorado_data_extract/75c2a60af5314bee8dc965b50e8185df?lk3s=56dfb1e9&x-expires=1849274775&x-signature=71wIUdrNejEiYZfPc%2BnpZx73OWM%3D,../data/c82daf56-45a9-4e34-ad6c-cf41bb88754c_000000_0_000000.parquet,1,"{""content"": {""U_1"": """", ""A_2"": ""这家店的全名是什么？""}, ""session_id"": ""Obscured_narrative_v2-session_42-1"", ""duration"": 2.835, ""turn_points"": [1.0, 2.835], ""speech_prompt"": [], ""fe_sents"": [], ""text"": "" | 这家店的全名是什么？"", ""start_time"": 1.0, ""end_time"": 2.835, ""sents"": [{""text"": """", ""speaker_id"": ""U"", ""start_time"": 0, ""end_time"": 1.0, ""words"": [], ""speech_prompt"": {}, ""round_idx"": 0}, {""text"": ""这家店的全名是什么？"", ""speaker_id"": ""A"", ""start_time"": 1.0, ""end_time"": 2.835, ""words"": [], ""speech_prompt"": {}, ""round_idx"": 0}]}",0,Obscured_narrative_v2-session_42, | 这家店的全名是什么？,Obscured_narrative_v2-session_42-1,"[{""asr_result"": ""这家店的全名是什么？"", ""start_time"": 1.0, ""end_time"": 2.835}]"
13417771,https://lf26-bigspeech-sign.bytetos.com/bigspeech-platform/dorado_data_extract/0e60dd91e37c47658e74e773085312b6?lk3s=56dfb1e9&x-expires=1849274775&x-signature=ZVr5CmSEMJt215utwQyXMb4%2BuNE%3D,../data/c82daf56-45a9-4e34-ad6c-cf41bb88754c_000000_0_000000.parquet,1,"{""content"": {""U_1"": """", ""A_2"": ""我现在是在哪个停车场？""}, ""session_id"": ""Obscured_narrative_v2-session_43-1"", ""duration"": 2.874, ""turn_points"": [1.0, 2.874], ""speech_prompt"": [], ""fe_sents"": [], ""text"": "" | 我现在是在哪个停车场？"", ""start_time"": 1.0, ""end_time"": 2.874, ""sents"": [{""text"": """", ""speaker_id"": ""U"", ""start_time"": 0, ""end_time"": 1.0, ""words"": [], ""speech_prompt"": {}, ""round_idx"": 0}, {""text"": ""我现在是在哪个停车场？"", ""speaker_id"": ""A"", ""start_time"": 1.0, ""end_time"": 2.874, ""words"": [], ""speech_prompt"": {}, ""round_idx"": 0}]}",0,Obscured_narrative_v2-session_43, | 我现在是在哪个停车场？,Obscured_narrative_v2-session_43-1,"[{""asr_result"": ""我现在是在哪个停车场？"", ""start_time"": 1.0, ""end_time"": 2.874}]"
13417772,https://lf26-bigspeech-sign.bytetos.com/bigspeech-platform/dorado_data_extract/90458d789c0a481f9f7cd0d00b9e683b?lk3s=56dfb1e9&x-expires=1849274775&x-signature=%2BJCD1BnLanVnMnE2ZpIMPwQT644%3D,../data/c82daf56-45a9-4e34-ad6c-cf41bb88754c_000000_0_000000.parquet,1,"{""content"": {""U_1"": """", ""A_2"": ""请问这里写的是什么？""}, ""session_id"": ""Obscured_narrative_v2-session_45-1"", ""duration"": 2.755, ""turn_points"": [1.0, 2.755], ""speech_prompt"": [], ""fe_sents"": [], ""text"": "" | 请问这里写的是什么？"", ""start_time"": 1.0, ""end_time"": 2.755, ""sents"": [{""text"": """", ""speaker_id"": ""U"", ""start_time"": 0, ""end_time"": 1.0, ""words"": [], ""speech_prompt"": {}, ""round_idx"": 0}, {""text"": ""请问这里写的是什么？"", ""speaker_id"": ""A"", ""start_time"": 1.0, ""end_time"": 2.755, ""words"": [], ""speech_prompt"": {}, ""round_idx"": 0}]}",0,Obscured_narrative_v2-session_45, | 请问这里写的是什么？,Obscured_narrative_v2-session_45-1,"[{""asr_result"": ""请问这里写的是什么？"", ""start_time"": 1.0, ""end_time"": 2.755}]"
13417773,https://lf26-bigspeech-sign.bytetos.com/bigspeech-platform/dorado_data_extract/7e363a2e1fd74bcb988adbdd40dc9adb?lk3s=56dfb1e9&x-expires=1849274775&x-signature=IAvjnADgoVm9u24BsE7KBJ5OqJk%3D,../data/c82daf56-45a9-4e34-ad6c-cf41bb88754c_000000_0_000000.parquet,1,"{""content"": {""U_1"": """", ""A_2"": ""这个是什么小区？""}, ""session_id"": ""Obscured_narrative_v2-session_46-1"", ""duration"": 2.273, ""turn_points"": [1.0, 2.273], ""speech_prompt"": [], ""fe_sents"": [], ""text"": "" | 这个是什么小区？"", ""start_time"": 1.0, ""end_time"": 2.273, ""sents"": [{""text"": """", ""speaker_id"": ""U"", ""start_time"": 0, ""end_time"": 1.0, ""words"": [], ""speech_prompt"": {}, ""round_idx"": 0}, {""text"": ""这个是什么小区？"", ""speaker_id"": ""A"", ""start_time"": 1.0, ""end_time"": 2.273, ""words"": [], ""speech_prompt"": {}, ""round_idx"": 0}]}",0,Obscured_narrative_v2-session_46, | 这个是什么小区？,Obscured_narrative_v2-session_46-1,"[{""asr_result"": ""这个是什么小区？"", ""start_time"": 1.0, ""end_time"": 2.273}]"
13417774,https://lf26-bigspeech-sign.bytetos.com/bigspeech-platform/dorado_data_extract/119862e8e67a476c8faefd974953d3a1?lk3s=56dfb1e9&x-expires=1849274775&x-signature=PZqq19GNp7lEj2PDV0FktJ4VYws%3D,../data/c82daf56-45a9-4e34-ad6c-cf41bb88754c_000000_0_000000.parquet,1,"{""content"": {""U_1"": """", ""A_2"": ""门上一共贴着几个字。""}, ""session_id"": ""Obscured_narrative_v2-session_48-1"", ""duration"": 2.884, ""turn_points"": [1.0, 2.884], ""speech_prompt"": [], ""fe_sents"": [], ""text"": "" | 门上一共贴着几个字。"", ""start_time"": 1.0, ""end_time"": 2.884, ""sents"": [{""text"": """", ""speaker_id"": ""U"", ""start_time"": 0, ""end_time"": 1.0, ""words"": [], ""speech_prompt"": {}, ""round_idx"": 0}, {""text"": ""门上一共贴着几个字。"", ""speaker_id"": ""A"", ""start_time"": 1.0, ""end_time"": 2.884, ""words"": [], ""speech_prompt"": {}, ""round_idx"": 0}]}",0,Obscured_narrative_v2-session_48, | 门上一共贴着几个字。,Obscured_narrative_v2-session_48-1,"[{""asr_result"": ""门上一共贴着几个字？"", ""start_time"": 1.0, ""end_time"": 2.884}]"
13417775,https://lf3-bigspeech-sign.bytetos.com/bigspeech-platform/dorado_data_extract/00605bed22ab4c4eb197b85a9ad16cf2?lk3s=56dfb1e9&x-expires=1849274775&x-signature=XAt6UB5t8TsSG5LPoChzPSzUR0w%3D,../data/c82daf56-45a9-4e34-ad6c-cf41bb88754c_000000_0_000000.parquet,1,"{""content"": {""U_1"": """", ""A_2"": ""豆包，这部书的责任编辑和封面设计都是谁啊？""}, ""session_id"": ""Obscured_narrative_v2-session_5-1"", ""duration"": 5.607, ""turn_points"": [1.0, 5.607], ""speech_prompt"": [], ""fe_sents"": [], ""text"": "" | 豆包，这部书的责任编辑和封面设计都是谁啊？"", ""start_time"": 1.0, ""end_time"": 5.607, ""sents"": [{""text"": """", ""speaker_id"": ""U"", ""start_time"": 0, ""end_time"": 1.0, ""words"": [], ""speech_prompt"": {}, ""round_idx"": 0}, {""text"": ""豆包，这部书的责任编辑和封面设计都是谁啊？"", ""speaker_id"": ""A"", ""start_time"": 1.0, ""end_time"": 5.607, ""words"": [], ""speech_prompt"": {}, ""round_idx"": 0}]}",0,Obscured_narrative_v2-session_5, | 豆包，这部书的责任编辑和封面设计都是谁啊？,Obscured_narrative_v2-session_5-1,"[{""asr_result"": ""豆包，这部书的责任编辑和封面设计都是谁啊？"", ""start_time"": 1.0, ""end_time"": 5.607}]"
13417776,https://lf26-bigspeech-sign.bytetos.com/bigspeech-platform/dorado_data_extract/8a31a533d4344e32a639c6bff6b53652?lk3s=56dfb1e9&x-expires=1849274775&x-signature=pdv7Ug2u3WJ7h%2FvEtElobqbLRUA%3D,../data/c82daf56-45a9-4e34-ad6c-cf41bb88754c_000000_0_000000.parquet,1,"{""content"": {""U_1"": """", ""A_2"": ""我挡住的是多少楼？""}, ""session_id"": ""Obscured_narrative_v2-session_49-1"", ""duration"": 2.471, ""turn_points"": [1.0, 2.471], ""speech_prompt"": [], ""fe_sents"": [], ""text"": "" | 我挡住的是多少楼？"", ""start_time"": 1.0, ""end_time"": 2.471, ""sents"": [{""text"": """", ""speaker_id"": ""U"", ""start_time"": 0, ""end_time"": 1.0, ""words"": [], ""speech_prompt"": {}, ""round_idx"": 0}, {""text"": ""我挡住的是多少楼？"", ""speaker_id"": ""A"", ""start_time"": 1.0, ""end_time"": 2.471, ""words"": [], ""speech_prompt"": {}, ""round_idx"": 0}]}",0,Obscured_narrative_v2-session_49, | 我挡住的是多少楼？,Obscured_narrative_v2-session_49-1,"[{""asr_result"": ""我挡住的是多少楼？"", ""start_time"": 1.0, ""end_time"": 2.471}]"
13417777,https://lf26-bigspeech-sign.bytetos.com/bigspeech-platform/dorado_data_extract/214727b3a5074d819af4ecf9fc3da40a?lk3s=56dfb1e9&x-expires=1849274775&x-signature=0BKJp9YeLxYCbS905a9PXgpt%2B4A%3D,../data/c82daf56-45a9-4e34-ad6c-cf41bb88754c_000000_0_000000.parquet,1,"{""content"": {""U_1"": """", ""A_2"": ""这个生产日期是多少？""}, ""session_id"": ""Obscured_narrative_v2-session_53-1"", ""duration"": 2.829, ""turn_points"": [1.0, 2.829], ""speech_prompt"": [], ""fe_sents"": [], ""text"": "" | 这个生产日期是多少？"", ""start_time"": 1.0, ""end_time"": 2.829, ""sents"": [{""text"": """", ""speaker_id"": ""U"", ""start_time"": 0, ""end_time"": 1.0, ""words"": [], ""speech_prompt"": {}, ""round_idx"": 0}, {""text"": ""这个生产日期是多少？"", ""speaker_id"": ""A"", ""start_time"": 1.0, ""end_time"": 2.829, ""words"": [], ""speech_prompt"": {}, ""round_idx"": 0}]}",0,Obscured_narrative_v2-session_53, | 这个生产日期是多少？,Obscured_narrative_v2-session_53-1,"[{""asr_result"": ""这个生产日期是多少？"", ""start_time"": 1.0, ""end_time"": 2.829}]"
13417778,https://lf6-bigspeech-sign.bytetos.com/bigspeech-platform/dorado_data_extract/ca6ca051c30f474183bb5fe71beccad4?lk3s=56dfb1e9&x-expires=1849274775&x-signature=V329ugQLyQPpQsJExw4ijaB8%2Bho%3D,../data/c82daf56-45a9-4e34-ad6c-cf41bb88754c_000000_0_000000.parquet,1,"{""content"": {""U_1"": """", ""A_2"": ""请帮我识别一下前面这个车的车牌，并记录一下。""}, ""session_id"": ""Obscured_narrative_v2-session_52-1"", ""duration"": 4.685, ""turn_points"": [1.0, 4.685], ""speech_prompt"": [], ""fe_sents"": [], ""text"": "" | 请帮我识别一下前面这个车的车牌，并记录一下。"", ""start_time"": 1.0, ""end_time"": 4.685, ""sents"": [{""text"": """", ""speaker_id"": ""U"", ""start_time"": 0, ""end_time"": 1.0, ""words"": [], ""speech_prompt"": {}, ""round_idx"": 0}, {""text"": ""请帮我识别一下前面这个车的车牌，并记录一下。"", ""speaker_id"": ""A"", ""start_time"": 1.0, ""end_time"": 4.685, ""words"": [], ""speech_prompt"": {}, ""round_idx"": 0}]}",0,Obscured_narrative_v2-session_52, | 请帮我识别一下前面这个车的车牌，并记录一下。,Obscured_narrative_v2-session_52-1,"[{""asr_result"": ""请帮我识别一下前面这个车的车牌，并记录一下。"", ""start_time"": 1.0, ""end_time"": 4.685}]"
13417779,https://lf9-bigspeech-sign.bytetos.com/bigspeech-platform/dorado_data_extract/22a3f10dda43473bb218c4c69e3b53dc?lk3s=56dfb1e9&x-expires=1849274775&x-signature=hPjZqBakvBRECSZj091owWNbEig%3D,../data/c82daf56-45a9-4e34-ad6c-cf41bb88754c_000000_0_000000.parquet,1,"{""content"": {""U_1"": """", ""A_2"": ""雪人的右边写着哪些字？""}, ""session_id"": ""Obscured_narrative_v2-session_55-1"", ""duration"": 3.302, ""turn_points"": [1.0, 3.302], ""speech_prompt"": [], ""fe_sents"": [], ""text"": "" | 雪人的右边写着哪些字？"", ""start_time"": 1.0, ""end_time"": 3.302, ""sents"": [{""text"": """", ""speaker_id"": ""U"", ""start_time"": 0, ""end_time"": 1.0, ""words"": [], ""speech_prompt"": {}, ""round_idx"": 0}, {""text"": ""雪人的右边写着哪些字？"", ""speaker_id"": ""A"", ""start_time"": 1.0, ""end_time"": 3.302, ""words"": [], ""speech_prompt"": {}, ""round_idx"": 0}]}",0,Obscured_narrative_v2-session_55, | 雪人的右边写着哪些字？,Obscured_narrative_v2-session_55-1,"[{""asr_result"": ""雪人的右边写着哪些字？"", ""start_time"": 1.0, ""end_time"": 3.302}]"
13417780,https://lf3-bigspeech-sign.bytetos.com/bigspeech-platform/dorado_data_extract/38ce7d98ff064c10b4d7d2854ba283c2?lk3s=56dfb1e9&x-expires=1849274775&x-signature=qPRA57X6TJdSiH3I%2BnFMmSuZqbk%3D,../data/c82daf56-45a9-4e34-ad6c-cf41bb88754c_000000_0_000000.parquet,1,"{""content"": {""U_1"": """", ""A_2"": ""这个是什么说明书？""}, ""session_id"": ""Obscured_narrative_v2-session_56-1"", ""duration"": 2.501, ""turn_points"": [1.0, 2.501], ""speech_prompt"": [], ""fe_sents"": [], ""text"": "" | 这个是什么说明书？"", ""start_time"": 1.0, ""end_time"": 2.501, ""sents"": [{""text"": """", ""speaker_id"": ""U"", ""start_time"": 0, ""end_time"": 1.0, ""words"": [], ""speech_prompt"": {}, ""round_idx"": 0}, {""text"": ""这个是什么说明书？"", ""speaker_id"": ""A"", ""start_time"": 1.0, ""end_time"": 2.501, ""words"": [], ""speech_prompt"": {}, ""round_idx"": 0}]}",0,Obscured_narrative_v2-session_56, | 这个是什么说明书？,Obscured_narrative_v2-session_56-1,"[{""asr_result"": ""这个是什么说明书？"", ""start_time"": 1.0, ""end_time"": 2.501}]"
13417781,https://lf9-bigspeech-sign.bytetos.com/bigspeech-platform/dorado_data_extract/2f0c7b8af504499e846d81fed3d96f6e?lk3s=56dfb1e9&x-expires=1849274775&x-signature=F9pT0y4nXRhumvFhnGgaKxFnIow%3D,../data/c82daf56-45a9-4e34-ad6c-cf41bb88754c_000000_0_000000.parquet,1,"{""content"": {""U_1"": """", ""A_2"": ""这个饮料的牛奶含量是多少？""}, ""session_id"": ""Obscured_narrative_v2-session_57-1"", ""duration"": 3.204, ""turn_points"": [1.0, 3.204], ""speech_prompt"": [], ""fe_sents"": [], ""text"": "" | 这个饮料的牛奶含量是多少？"", ""start_time"": 1.0, ""end_time"": 3.204, ""sents"": [{""text"": """", ""speaker_id"": ""U"", ""start_time"": 0, ""end_time"": 1.0, ""words"": [], ""speech_prompt"": {}, ""round_idx"": 0}, {""text"": ""这个饮料的牛奶含量是多少？"", ""speaker_id"": ""A"", ""start_time"": 1.0, ""end_time"": 3.204, ""words"": [], ""speech_prompt"": {}, ""round_idx"": 0}]}",0,Obscured_narrative_v2-session_57, | 这个饮料的牛奶含量是多少？,Obscured_narrative_v2-session_57-1,"[{""asr_result"": ""这个饮料的牛奶含量是多少？"", ""start_time"": 1.0, ""end_time"": 3.204}]"
13417782,https://lf3-bigspeech-sign.bytetos.com/bigspeech-platform/dorado_data_extract/820c30a19a5745ef9c675c1cc49c6002?lk3s=56dfb1e9&x-expires=1849274775&x-signature=05iLWBi7qnkWGCtY%2B1GuqyZkTA4%3D,../data/c82daf56-45a9-4e34-ad6c-cf41bb88754c_000000_0_000000.parquet,1,"{""content"": {""U_1"": """", ""A_2"": ""这个恰同学少年下面写的是什么？""}, ""session_id"": ""Obscured_narrative_v2-session_14-1"", ""duration"": 3.589, ""turn_points"": [1.0, 3.589], ""speech_prompt"": [], ""fe_sents"": [], ""text"": "" | 这个恰同学少年下面写的是什么？"", ""start_time"": 1.0, ""end_time"": 3.589, ""sents"": [{""text"": """", ""speaker_id"": ""U"", ""start_time"": 0, ""end_time"": 1.0, ""words"": [], ""speech_prompt"": {}, ""round_idx"": 0}, {""text"": ""这个恰同学少年下面写的是什么？"", ""speaker_id"": ""A"", ""start_time"": 1.0, ""end_time"": 3.589, ""words"": [], ""speech_prompt"": {}, ""round_idx"": 0}]}",0,Obscured_narrative_v2-session_14, | 这个恰同学少年下面写的是什么？,Obscured_narrative_v2-session_14-1,"[{""asr_result"": ""这个《恰同学少年》下面写的是什么？"", ""start_time"": 1.0, ""end_time"": 3.589}]"
13417783,https://lf3-bigspeech-sign.bytetos.com/bigspeech-platform/dorado_data_extract/69697d61f2fc4bc282a1b4a094c9163b?lk3s=56dfb1e9&x-expires=1849274775&x-signature=1Smn9n%2BlZHjFNiVTfXl16XTHPoY%3D,../data/c82daf56-45a9-4e34-ad6c-cf41bb88754c_000000_0_000000.parquet,1,"{""content"": {""U_1"": """", ""A_2"": ""读一下屏幕上这段话。""}, ""session_id"": ""Obscured_narrative_v2-session_31-1"", ""duration"": 2.68, ""turn_points"": [1.0, 2.68], ""speech_prompt"": [], ""fe_sents"": [], ""text"": "" | 读一下屏幕上这段话。"", ""start_time"": 1.0, ""end_time"": 2.68, ""sents"": [{""text"": """", ""speaker_id"": ""U"", ""start_time"": 0, ""end_time"": 1.0, ""words"": [], ""speech_prompt"": {}, ""round_idx"": 0}, {""text"": ""读一下屏幕上这段话。"", ""speaker_id"": ""A"", ""start_time"": 1.0, ""end_time"": 2.68, ""words"": [], ""speech_prompt"": {}, ""round_idx"": 0}]}",0,Obscured_narrative_v2-session_31, | 读一下屏幕上这段话。,Obscured_narrative_v2-session_31-1,"[{""asr_result"": ""读一下屏幕上这段话。"", ""start_time"": 1.0, ""end_time"": 2.68}]"
13417784,https://lf3-bigspeech-sign.bytetos.com/bigspeech-platform/dorado_data_extract/0ee40b0660de429eac4bed090e61ae40?lk3s=56dfb1e9&x-expires=1849274775&x-signature=c%2FUu1yVUg2Bakj7EjUm9ItYN%2Fy4%3D,../data/c82daf56-45a9-4e34-ad6c-cf41bb88754c_000000_0_000000.parquet,1,"{""content"": {""U_1"": """", ""A_2"": ""请问我现在用手遮住的黑色字是什么呢？""}, ""session_id"": ""Obscured_narrative_v2-session_20-1"", ""duration"": 4.594, ""turn_points"": [1.0, 4.594], ""speech_prompt"": [], ""fe_sents"": [], ""text"": "" | 请问我现在用手遮住的黑色字是什么呢？"", ""start_time"": 1.0, ""end_time"": 4.594, ""sents"": [{""text"": """", ""speaker_id"": ""U"", ""start_time"": 0, ""end_time"": 1.0, ""words"": [], ""speech_prompt"": {}, ""round_idx"": 0}, {""text"": ""请问我现在用手遮住的黑色字是什么呢？"", ""speaker_id"": ""A"", ""start_time"": 1.0, ""end_time"": 4.594, ""words"": [], ""speech_prompt"": {}, ""round_idx"": 0}]}",0,Obscured_narrative_v2-session_20, | 请问我现在用手遮住的黑色字是什么呢？,Obscured_narrative_v2-session_20-1,"[{""asr_result"": ""请问我现在用手遮住的黑色字是什么呢？"", ""start_time"": 1.0, ""end_time"": 4.594}]"
13417785,https://lf6-bigspeech-sign.bytetos.com/bigspeech-platform/dorado_data_extract/8299d339f6934193bc44b719419e841e?lk3s=56dfb1e9&x-expires=1849274775&x-signature=U7fQwquARZ4FOZvtHR7j8sAuqWQ%3D,../data/c82daf56-45a9-4e34-ad6c-cf41bb88754c_000000_0_000000.parquet,1,"{""content"": {""U_1"": """", ""A_2"": ""这是什么味道的？""}, ""session_id"": ""Obscured_narrative_v2-session_58-1"", ""duration"": 2.425, ""turn_points"": [1.0, 2.425], ""speech_prompt"": [], ""fe_sents"": [], ""text"": "" | 这是什么味道的？"", ""start_time"": 1.0, ""end_time"": 2.425, ""sents"": [{""text"": """", ""speaker_id"": ""U"", ""start_time"": 0, ""end_time"": 1.0, ""words"": [], ""speech_prompt"": {}, ""round_idx"": 0}, {""text"": ""这是什么味道的？"", ""speaker_id"": ""A"", ""start_time"": 1.0, ""end_time"": 2.425, ""words"": [], ""speech_prompt"": {}, ""round_idx"": 0}]}",0,Obscured_narrative_v2-session_58, | 这是什么味道的？,Obscured_narrative_v2-session_58-1,"[{""asr_result"": ""这是什么味道的？"", ""start_time"": 1.0, ""end_time"": 2.425}]"
13417786,https://lf26-bigspeech-sign.bytetos.com/bigspeech-platform/dorado_data_extract/b2d113f4ad4a4b8db1a090efe3d12d0b?lk3s=56dfb1e9&x-expires=1849274775&x-signature=5MBeIEx49xFQjZOgYcOvk22ISbA%3D,../data/c82daf56-45a9-4e34-ad6c-cf41bb88754c_000000_0_000000.parquet,1,"{""content"": {""U_1"": """", ""A_2"": ""这是哪个品牌的精华霜？""}, ""session_id"": ""Obscured_narrative_v2-session_60-1"", ""duration"": 3.068, ""turn_points"": [1.0, 3.068], ""speech_prompt"": [], ""fe_sents"": [], ""text"": "" | 这是哪个品牌的精华霜？"", ""start_time"": 1.0, ""end_time"": 3.068, ""sents"": [{""text"": """", ""speaker_id"": ""U"", ""start_time"": 0, ""end_time"": 1.0, ""words"": [], ""speech_prompt"": {}, ""round_idx"": 0}, {""text"": ""这是哪个品牌的精华霜？"", ""speaker_id"": ""A"", ""start_time"": 1.0, ""end_time"": 3.068, ""words"": [], ""speech_prompt"": {}, ""round_idx"": 0}]}",0,Obscured_narrative_v2-session_60, | 这是哪个品牌的精华霜？,Obscured_narrative_v2-session_60-1,"[{""asr_result"": ""这是哪个品牌的精华霜？"", ""start_time"": 1.0, ""end_time"": 3.068}]"
13417787,https://lf9-bigspeech-sign.bytetos.com/bigspeech-platform/dorado_data_extract/9a34ed465c1c44689a35ec3073fae269?lk3s=56dfb1e9&x-expires=1849274775&x-signature=qGvFKh3L8iXg3YI%2BaUp%2FKcAT3ic%3D,../data/c82daf56-45a9-4e34-ad6c-cf41bb88754c_000000_0_000000.parquet,1,"{""content"": {""U_1"": """", ""A_2"": ""儿童茁壮成长前面的两个字是什么？""}, ""session_id"": ""Obscured_narrative_v2-session_61-1"", ""duration"": 4.115, ""turn_points"": [1.0, 4.115], ""speech_prompt"": [], ""fe_sents"": [], ""text"": "" | 儿童茁壮成长前面的两个字是什么？"", ""start_time"": 1.0, ""end_time"": 4.115, ""sents"": [{""text"": """", ""speaker_id"": ""U"", ""start_time"": 0, ""end_time"": 1.0, ""words"": [], ""speech_prompt"": {}, ""round_idx"": 0}, {""text"": ""儿童茁壮成长前面的两个字是什么？"", ""speaker_id"": ""A"", ""start_time"": 1.0, ""end_time"": 4.115, ""words"": [], ""speech_prompt"": {}, ""round_idx"": 0}]}",0,Obscured_narrative_v2-session_61, | 儿童茁壮成长前面的两个字是什么？,Obscured_narrative_v2-session_61-1,"[{""asr_result"": ""儿童茁壮成长前面的两个字是什么？"", ""start_time"": 1.0, ""end_time"": 4.115}]"
13417788,https://lf9-bigspeech-sign.bytetos.com/bigspeech-platform/dorado_data_extract/af5a52bd53b24529a8a68bcf6ddb4492?lk3s=56dfb1e9&x-expires=1849274775&x-signature=RwIGJZr%2BsL6PKyEnatE16Y8S%2BB4%3D,../data/c82daf56-45a9-4e34-ad6c-cf41bb88754c_000000_0_000000.parquet,1,"{""content"": {""U_1"": """", ""A_2"": ""能帮我完整读一下这段话吗？""}, ""session_id"": ""Obscured_narrative_v2-session_34-1"", ""duration"": 3.511, ""turn_points"": [1.0, 3.511], ""speech_prompt"": [], ""fe_sents"": [], ""text"": "" | 能帮我完整读一下这段话吗？"", ""start_time"": 1.0, ""end_time"": 3.511, ""sents"": [{""text"": """", ""speaker_id"": ""U"", ""start_time"": 0, ""end_time"": 1.0, ""words"": [], ""speech_prompt"": {}, ""round_idx"": 0}, {""text"": ""能帮我完整读一下这段话吗？"", ""speaker_id"": ""A"", ""start_time"": 1.0, ""end_time"": 3.511, ""words"": [], ""speech_prompt"": {}, ""round_idx"": 0}]}",0,Obscured_narrative_v2-session_34, | 能帮我完整读一下这段话吗？,Obscured_narrative_v2-session_34-1,"[{""asr_result"": ""能帮我完整读一下这段话吗？"", ""start_time"": 1.0, ""end_time"": 3.511}]"
13417789,https://lf26-bigspeech-sign.bytetos.com/bigspeech-platform/dorado_data_extract/216b718d9fd144ad973906d98c684a13?lk3s=56dfb1e9&x-expires=1849274775&x-signature=%2FXigRpuv6dO32f4ey%2Bwm9lGDYfs%3D,../data/c82daf56-45a9-4e34-ad6c-cf41bb88754c_000000_0_000000.parquet,1,"{""content"": {""U_1"": """", ""A_2"": ""这本书是什么出版社的？""}, ""session_id"": ""Obscured_narrative_v2-session_6-1"", ""duration"": 2.898, ""turn_points"": [1.0, 2.898], ""speech_prompt"": [], ""fe_sents"": [], ""text"": "" | 这本书是什么出版社的？"", ""start_time"": 1.0, ""end_time"": 2.898, ""sents"": [{""text"": """", ""speaker_id"": ""U"", ""start_time"": 0, ""end_time"": 1.0, ""words"": [], ""speech_prompt"": {}, ""round_idx"": 0}, {""text"": ""这本书是什么出版社的？"", ""speaker_id"": ""A"", ""start_time"": 1.0, ""end_time"": 2.898, ""words"": [], ""speech_prompt"": {}, ""round_idx"": 0}]}",0,Obscured_narrative_v2-session_6, | 这本书是什么出版社的？,Obscured_narrative_v2-session_6-1,"[{""asr_result"": ""这本书是什么出版社的？"", ""start_time"": 1.0, ""end_time"": 2.898}]"
13417790,https://lf6-bigspeech-sign.bytetos.com/bigspeech-platform/dorado_data_extract/8ae0793abc49499fbf2c2d535f6377d4?lk3s=56dfb1e9&x-expires=1849274775&x-signature=a%2BUUgpJkAMyAa0fX4AN42hKNJPE%3D,../data/c82daf56-45a9-4e34-ad6c-cf41bb88754c_000000_0_000000.parquet,1,"{""content"": {""U_1"": """", ""A_2"": ""这个瘪图的嘴巴是什么意思？""}, ""session_id"": ""Obscured_narrative_v2-session_65-1"", ""duration"": 3.472, ""turn_points"": [1.0, 3.472], ""speech_prompt"": [], ""fe_sents"": [], ""text"": "" | 这个瘪图的嘴巴是什么意思？"", ""start_time"": 1.0, ""end_time"": 3.472, ""sents"": [{""text"": """", ""speaker_id"": ""U"", ""start_time"": 0, ""end_time"": 1.0, ""words"": [], ""speech_prompt"": {}, ""round_idx"": 0}, {""text"": ""这个瘪图的嘴巴是什么意思？"", ""speaker_id"": ""A"", ""start_time"": 1.0, ""end_time"": 3.472, ""words"": [], ""speech_prompt"": {}, ""round_idx"": 0}]}",0,Obscured_narrative_v2-session_65, | 这个瘪图的嘴巴是什么意思？,Obscured_narrative_v2-session_65-1,"[{""asr_result"": ""这个瘪图的嘴巴是什么意思？"", ""start_time"": 1.0, ""end_time"": 3.472}]"
13417791,https://lf6-bigspeech-sign.bytetos.com/bigspeech-platform/dorado_data_extract/b8c58c30e2584576bebfd0f87b81bf63?lk3s=56dfb1e9&x-expires=1849274775&x-signature=oC%2BY890WJAPXxdXJczYjOvOKQ54%3D,../data/c82daf56-45a9-4e34-ad6c-cf41bb88754c_000000_0_000000.parquet,1,"{""content"": {""U_1"": """", ""A_2"": ""这个瓶盖是什么颜色的？""}, ""session_id"": ""Obscured_narrative_v2-session_66-1"", ""duration"": 3.475, ""turn_points"": [1.0, 3.475], ""speech_prompt"": [], ""fe_sents"": [], ""text"": "" | 这个瓶盖是什么颜色的？"", ""start_time"": 1.0, ""end_time"": 3.475, ""sents"": [{""text"": """", ""speaker_id"": ""U"", ""start_time"": 0, ""end_time"": 1.0, ""words"": [], ""speech_prompt"": {}, ""round_idx"": 0}, {""text"": ""这个瓶盖是什么颜色的？"", ""speaker_id"": ""A"", ""start_time"": 1.0, ""end_time"": 3.475, ""words"": [], ""speech_prompt"": {}, ""round_idx"": 0}]}",0,Obscured_narrative_v2-session_66, | 这个瓶盖是什么颜色的？,Obscured_narrative_v2-session_66-1,"[{""asr_result"": """", ""start_time"": 1.0, ""end_time"": 3.475}]"
13417792,https://lf26-bigspeech-sign.bytetos.com/bigspeech-platform/dorado_data_extract/96db140f4d71481f869d107f75d24a53?lk3s=56dfb1e9&x-expires=1849274775&x-signature=CvlxDsoN4KxSeULGcHouA%2FuEWWk%3D,../data/c82daf56-45a9-4e34-ad6c-cf41bb88754c_000000_0_000000.parquet,1,"{""content"": {""U_1"": """", ""A_2"": ""这个物业 24 小时值班电话是多少？""}, ""session_id"": ""Obscured_narrative_v2-session_44-1"", ""duration"": 4.118, ""turn_points"": [1.0, 4.118], ""speech_prompt"": [], ""fe_sents"": [], ""text"": "" | 这个物业 24 小时值班电话是多少？"", ""start_time"": 1.0, ""end_time"": 4.118, ""sents"": [{""text"": """", ""speaker_id"": ""U"", ""start_time"": 0, ""end_time"": 1.0, ""words"": [], ""speech_prompt"": {}, ""round_idx"": 0}, {""text"": ""这个物业 24 小时值班电话是多少？"", ""speaker_id"": ""A"", ""start_time"": 1.0, ""end_time"": 4.118, ""words"": [], ""speech_prompt"": {}, ""round_idx"": 0}]}",0,Obscured_narrative_v2-session_44, | 这个物业 24 小时值班电话是多少？,Obscured_narrative_v2-session_44-1,"[{""asr_result"": """", ""start_time"": 1.0, ""end_time"": 4.118}]"
13417793,https://lf26-bigspeech-sign.bytetos.com/bigspeech-platform/dorado_data_extract/38cd039543ee42b4934812c735a12075?lk3s=56dfb1e9&x-expires=1849274775&x-signature=fxAYmW8GREBRK%2BKt5eu%2BAkGEwAM%3D,../data/c82daf56-45a9-4e34-ad6c-cf41bb88754c_000000_0_000000.parquet,1,"{""content"": {""U_1"": """", ""A_2"": ""这个表情包的文字写的是什么？""}, ""session_id"": ""Obscured_narrative_v2-session_35-1"", ""duration"": 3.879, ""turn_points"": [1.0, 3.879], ""speech_prompt"": [], ""fe_sents"": [], ""text"": "" | 这个表情包的文字写的是什么？"", ""start_time"": 1.0, ""end_time"": 3.879, ""sents"": [{""text"": """", ""speaker_id"": ""U"", ""start_time"": 0, ""end_time"": 1.0, ""words"": [], ""speech_prompt"": {}, ""round_idx"": 0}, {""text"": ""这个表情包的文字写的是什么？"", ""speaker_id"": ""A"", ""start_time"": 1.0, ""end_time"": 3.879, ""words"": [], ""speech_prompt"": {}, ""round_idx"": 0}]}",0,Obscured_narrative_v2-session_35, | 这个表情包的文字写的是什么？,Obscured_narrative_v2-session_35-1,"[{""asr_result"": ""这个表情包的文字写的是什么？"", ""start_time"": 1.0, ""end_time"": 3.879}]"
13417794,https://lf3-bigspeech-sign.bytetos.com/bigspeech-platform/dorado_data_extract/f7de56688f3e44d1934e94f280be8463?lk3s=56dfb1e9&x-expires=1849274775&x-signature=cG1NuQcDfGABXjoR1rhLR3cvcPw%3D,../data/c82daf56-45a9-4e34-ad6c-cf41bb88754c_000000_0_000000.parquet,1,"{""content"": {""U_1"": """", ""A_2"": ""帮我看一下这是哪个区的公告？""}, ""session_id"": ""Obscured_narrative_v2-session_47-1"", ""duration"": 3.283, ""turn_points"": [1.0, 3.283], ""speech_prompt"": [], ""fe_sents"": [], ""text"": "" | 帮我看一下这是哪个区的公告？"", ""start_time"": 1.0, ""end_time"": 3.283, ""sents"": [{""text"": """", ""speaker_id"": ""U"", ""start_time"": 0, ""end_time"": 1.0, ""words"": [], ""speech_prompt"": {}, ""round_idx"": 0}, {""text"": ""帮我看一下这是哪个区的公告？"", ""speaker_id"": ""A"", ""start_time"": 1.0, ""end_time"": 3.283, ""words"": [], ""speech_prompt"": {}, ""round_idx"": 0}]}",0,Obscured_narrative_v2-session_47, | 帮我看一下这是哪个区的公告？,Obscured_narrative_v2-session_47-1,"[{""asr_result"": ""帮我看一下，这是哪个区的公告？"", ""start_time"": 1.0, ""end_time"": 3.283}]"
13417795,https://lf9-bigspeech-sign.bytetos.com/bigspeech-platform/dorado_data_extract/d7cf088024cb4aa5bce46420ee65a0d4?lk3s=56dfb1e9&x-expires=1849274775&x-signature=zddU%2B0YyURmH3pZTkk8yGwKKm6A%3D,../data/c82daf56-45a9-4e34-ad6c-cf41bb88754c_000000_0_000000.parquet,1,"{""content"": {""U_1"": """", ""A_2"": ""这段内容的标题是。""}, ""session_id"": ""Obscured_narrative_v2-session_4-1"", ""duration"": 2.624, ""turn_points"": [1.0, 2.624], ""speech_prompt"": [], ""fe_sents"": [], ""text"": "" | 这段内容的标题是。"", ""start_time"": 1.0, ""end_time"": 2.624, ""sents"": [{""text"": """", ""speaker_id"": ""U"", ""start_time"": 0, ""end_time"": 1.0, ""words"": [], ""speech_prompt"": {}, ""round_idx"": 0}, {""text"": ""这段内容的标题是。"", ""speaker_id"": ""A"", ""start_time"": 1.0, ""end_time"": 2.624, ""words"": [], ""speech_prompt"": {}, ""round_idx"": 0}]}",0,Obscured_narrative_v2-session_4, | 这段内容的标题是。,Obscured_narrative_v2-session_4-1,"[{""asr_result"": ""这段内容的标题是。"", ""start_time"": 1.0, ""end_time"": 2.624}]"
13417796,https://lf9-bigspeech-sign.bytetos.com/bigspeech-platform/dorado_data_extract/3a041f78851c4c07aee889755c1f1d1e?lk3s=56dfb1e9&x-expires=1849274775&x-signature=fSP6SZ5AnXgXb%2Fi3ymQ3GfZYg9Y%3D,../data/c82daf56-45a9-4e34-ad6c-cf41bb88754c_000000_0_000000.parquet,1,"{""content"": {""U_1"": """", ""A_2"": ""这个红色袋子是哪个牌子的？""}, ""session_id"": ""Obscured_narrative_v2-session_29-1"", ""duration"": 3.614, ""turn_points"": [1.0, 3.614], ""speech_prompt"": [], ""fe_sents"": [], ""text"": "" | 这个红色袋子是哪个牌子的？"", ""start_time"": 1.0, ""end_time"": 3.614, ""sents"": [{""text"": """", ""speaker_id"": ""U"", ""start_time"": 0, ""end_time"": 1.0, ""words"": [], ""speech_prompt"": {}, ""round_idx"": 0}, {""text"": ""这个红色袋子是哪个牌子的？"", ""speaker_id"": ""A"", ""start_time"": 1.0, ""end_time"": 3.614, ""words"": [], ""speech_prompt"": {}, ""round_idx"": 0}]}",0,Obscured_narrative_v2-session_29, | 这个红色袋子是哪个牌子的？,Obscured_narrative_v2-session_29-1,"[{""asr_result"": ""这个红色袋子是哪个牌子的？"", ""start_time"": 1.0, ""end_time"": 3.614}]"
13417797,https://lf3-bigspeech-sign.bytetos.com/bigspeech-platform/dorado_data_extract/0813fa40188e44339823ee99d8752dd5?lk3s=56dfb1e9&x-expires=1849274775&x-signature=B%2BdQIL9pWF4c3sLSgD8koJbK8cM%3D,../data/c82daf56-45a9-4e34-ad6c-cf41bb88754c_000000_0_000000.parquet,1,"{""content"": {""U_1"": """", ""A_2"": ""帮我看一下那边是几栋？""}, ""session_id"": ""Obscured_narrative_v2-session_51-1"", ""duration"": 2.699, ""turn_points"": [1.0, 2.699], ""speech_prompt"": [], ""fe_sents"": [], ""text"": "" | 帮我看一下那边是几栋？"", ""start_time"": 1.0, ""end_time"": 2.699, ""sents"": [{""text"": """", ""speaker_id"": ""U"", ""start_time"": 0, ""end_time"": 1.0, ""words"": [], ""speech_prompt"": {}, ""round_idx"": 0}, {""text"": ""帮我看一下那边是几栋？"", ""speaker_id"": ""A"", ""start_time"": 1.0, ""end_time"": 2.699, ""words"": [], ""speech_prompt"": {}, ""round_idx"": 0}]}",0,Obscured_narrative_v2-session_51, | 帮我看一下那边是几栋？,Obscured_narrative_v2-session_51-1,"[{""asr_result"": ""帮我看一下那边是几栋？"", ""start_time"": 1.0, ""end_time"": 2.699}]"
13417798,https://lf6-bigspeech-sign.bytetos.com/bigspeech-platform/dorado_data_extract/c2c8b365c89e42f19d6ae800d8eb51a0?lk3s=56dfb1e9&x-expires=1849274775&x-signature=ml3U0oYP68mRBxcWIb%2BFgymA42w%3D,../data/c82daf56-45a9-4e34-ad6c-cf41bb88754c_000000_0_000000.parquet,1,"{""content"": {""U_1"": """", ""A_2"": ""这是什么电啊？""}, ""session_id"": ""Obscured_narrative_v2-session_50-1"", ""duration"": 2.429, ""turn_points"": [1.0, 2.429], ""speech_prompt"": [], ""fe_sents"": [], ""text"": "" | 这是什么电啊？"", ""start_time"": 1.0, ""end_time"": 2.429, ""sents"": [{""text"": """", ""speaker_id"": ""U"", ""start_time"": 0, ""end_time"": 1.0, ""words"": [], ""speech_prompt"": {}, ""round_idx"": 0}, {""text"": ""这是什么电啊？"", ""speaker_id"": ""A"", ""start_time"": 1.0, ""end_time"": 2.429, ""words"": [], ""speech_prompt"": {}, ""round_idx"": 0}]}",0,Obscured_narrative_v2-session_50, | 这是什么电啊？,Obscured_narrative_v2-session_50-1,"[{""asr_result"": ""这是什么店啊？"", ""start_time"": 1.0, ""end_time"": 2.429}]"
13417799,https://lf6-bigspeech-sign.bytetos.com/bigspeech-platform/dorado_data_extract/b4ec3ef4609746aa8b649f73d7427cf5?lk3s=56dfb1e9&x-expires=1849274775&x-signature=LiPLFql8TeU3oMpjyuVHg%2BocNNg%3D,../data/c82daf56-45a9-4e34-ad6c-cf41bb88754c_000000_0_000000.parquet,1,"{""content"": {""U_1"": """", ""A_2"": ""树后面的白色车是什么品牌的？""}, ""session_id"": ""Obscured_narrative_v2-session_64-1"", ""duration"": 3.799, ""turn_points"": [1.0, 3.799], ""speech_prompt"": [], ""fe_sents"": [], ""text"": "" | 树后面的白色车是什么品牌的？"", ""start_time"": 1.0, ""end_time"": 3.799, ""sents"": [{""text"": """", ""speaker_id"": ""U"", ""start_time"": 0, ""end_time"": 1.0, ""words"": [], ""speech_prompt"": {}, ""round_idx"": 0}, {""text"": ""树后面的白色车是什么品牌的？"", ""speaker_id"": ""A"", ""start_time"": 1.0, ""end_time"": 3.799, ""words"": [], ""speech_prompt"": {}, ""round_idx"": 0}]}",0,Obscured_narrative_v2-session_64, | 树后面的白色车是什么品牌的？,Obscured_narrative_v2-session_64-1,"[{""asr_result"": ""树后面的白色车是什么品牌的？"", ""start_time"": 1.0, ""end_time"": 3.799}]"
13417800,https://lf26-bigspeech-sign.bytetos.com/bigspeech-platform/dorado_data_extract/5be25f6942ce44f38d4988f69e6eaf36?lk3s=56dfb1e9&x-expires=1849274775&x-signature=K2tgfUohsD6wg6jPG0Pb2kg7TZo%3D,../data/c82daf56-45a9-4e34-ad6c-cf41bb88754c_000000_0_000000.parquet,1,"{""content"": {""U_1"": """", ""A_2"": ""图中的麻将是由几个颜色构成的。""}, ""session_id"": ""Obscured_narrative_v2-session_68-1"", ""duration"": 3.881, ""turn_points"": [1.0, 3.881], ""speech_prompt"": [], ""fe_sents"": [], ""text"": "" | 图中的麻将是由几个颜色构成的。"", ""start_time"": 1.0, ""end_time"": 3.881, ""sents"": [{""text"": """", ""speaker_id"": ""U"", ""start_time"": 0, ""end_time"": 1.0, ""words"": [], ""speech_prompt"": {}, ""round_idx"": 0}, {""text"": ""图中的麻将是由几个颜色构成的。"", ""speaker_id"": ""A"", ""start_time"": 1.0, ""end_time"": 3.881, ""words"": [], ""speech_prompt"": {}, ""round_idx"": 0}]}",0,Obscured_narrative_v2-session_68, | 图中的麻将是由几个颜色构成的。,Obscured_narrative_v2-session_68-1,"[{""asr_result"": ""图中的麻将是由几个颜色构成的？"", ""start_time"": 1.0, ""end_time"": 3.881}]"
13417801,https://lf26-bigspeech-sign.bytetos.com/bigspeech-platform/dorado_data_extract/17b5a9bd0af248acbc990a1870468287?lk3s=56dfb1e9&x-expires=1849274775&x-signature=FHsA7ybQdQojo8g7NmP8kvCFf9k%3D,../data/c82daf56-45a9-4e34-ad6c-cf41bb88754c_000000_0_000000.parquet,1,"{""content"": {""U_1"": """", ""A_2"": ""手指盖住的这个图标是什么？""}, ""session_id"": ""Obscured_narrative_v2-session_70-1"", ""duration"": 3.546, ""turn_points"": [1.0, 3.546], ""speech_prompt"": [], ""fe_sents"": [], ""text"": "" | 手指盖住的这个图标是什么？"", ""start_time"": 1.0, ""end_time"": 3.546, ""sents"": [{""text"": """", ""speaker_id"": ""U"", ""start_time"": 0, ""end_time"": 1.0, ""words"": [], ""speech_prompt"": {}, ""round_idx"": 0}, {""text"": ""手指盖住的这个图标是什么？"", ""speaker_id"": ""A"", ""start_time"": 1.0, ""end_time"": 3.546, ""words"": [], ""speech_prompt"": {}, ""round_idx"": 0}]}",0,Obscured_narrative_v2-session_70, | 手指盖住的这个图标是什么？,Obscured_narrative_v2-session_70-1,"[{""asr_result"": """", ""start_time"": 1.0, ""end_time"": 3.546}]"
13417802,https://lf26-bigspeech-sign.bytetos.com/bigspeech-platform/dorado_data_extract/fe9edb97c7064423a3e90079a2ddf308?lk3s=56dfb1e9&x-expires=1849274775&x-signature=wTPWZod6VvnGF0rP0hXYAEEue80%3D,../data/c82daf56-45a9-4e34-ad6c-cf41bb88754c_000000_0_000000.parquet,1,"{""content"": {""U_1"": """", ""A_2"": ""请问这是啥子水？""}, ""session_id"": ""Obscured_narrative_v2-session_62-1"", ""duration"": 2.746, ""turn_points"": [1.0, 2.746], ""speech_prompt"": [], ""fe_sents"": [], ""text"": "" | 请问这是啥子水？"", ""start_time"": 1.0, ""end_time"": 2.746, ""sents"": [{""text"": """", ""speaker_id"": ""U"", ""start_time"": 0, ""end_time"": 1.0, ""words"": [], ""speech_prompt"": {}, ""round_idx"": 0}, {""text"": ""请问这是啥子水？"", ""speaker_id"": ""A"", ""start_time"": 1.0, ""end_time"": 2.746, ""words"": [], ""speech_prompt"": {}, ""round_idx"": 0}]}",0,Obscured_narrative_v2-session_62, | 请问这是啥子水？,Obscured_narrative_v2-session_62-1,"[{""asr_result"": ""请问这是啥子水？"", ""start_time"": 1.0, ""end_time"": 2.746}]"
13417803,https://lf6-bigspeech-sign.bytetos.com/bigspeech-platform/dorado_data_extract/ba7266d877644269bc49fb3bbf2673db?lk3s=56dfb1e9&x-expires=1849274775&x-signature=B4ZgQ9A4AyOh8p86MYzhfnOMriE%3D,../data/c82daf56-45a9-4e34-ad6c-cf41bb88754c_000000_0_000000.parquet,1,"{""content"": {""U_1"": """", ""A_2"": ""我手里拿的是耳机线还是手机充电线？""}, ""session_id"": ""Obscured_narrative_v2-session_71-1"", ""duration"": 3.761, ""turn_points"": [1.0, 3.761], ""speech_prompt"": [], ""fe_sents"": [], ""text"": "" | 我手里拿的是耳机线还是手机充电线？"", ""start_time"": 1.0, ""end_time"": 3.761, ""sents"": [{""text"": """", ""speaker_id"": ""U"", ""start_time"": 0, ""end_time"": 1.0, ""words"": [], ""speech_prompt"": {}, ""round_idx"": 0}, {""text"": ""我手里拿的是耳机线还是手机充电线？"", ""speaker_id"": ""A"", ""start_time"": 1.0, ""end_time"": 3.761, ""words"": [], ""speech_prompt"": {}, ""round_idx"": 0}]}",0,Obscured_narrative_v2-session_71, | 我手里拿的是耳机线还是手机充电线？,Obscured_narrative_v2-session_71-1,"[{""asr_result"": ""我手里拿的是耳机线还是手机充电线？"", ""start_time"": 1.0, ""end_time"": 3.761}]"
13417804,https://lf9-bigspeech-sign.bytetos.com/bigspeech-platform/dorado_data_extract/a097faa2db8f43abb59dfdf4ff9dcaa6?lk3s=56dfb1e9&x-expires=1849274775&x-signature=2zdmjcLrHv%2Fmf5lBGTUqFEJcbto%3D,../data/c82daf56-45a9-4e34-ad6c-cf41bb88754c_000000_0_000000.parquet,1,"{""content"": {""U_1"": """", ""A_2"": ""这本书的出版人是谁？""}, ""session_id"": ""Obscured_narrative_v2-session_7-1"", ""duration"": 3.139, ""turn_points"": [1.0, 3.139], ""speech_prompt"": [], ""fe_sents"": [], ""text"": "" | 这本书的出版人是谁？"", ""start_time"": 1.0, ""end_time"": 3.139, ""sents"": [{""text"": """", ""speaker_id"": ""U"", ""start_time"": 0, ""end_time"": 1.0, ""words"": [], ""speech_prompt"": {}, ""round_idx"": 0}, {""text"": ""这本书的出版人是谁？"", ""speaker_id"": ""A"", ""start_time"": 1.0, ""end_time"": 3.139, ""words"": [], ""speech_prompt"": {}, ""round_idx"": 0}]}",0,Obscured_narrative_v2-session_7, | 这本书的出版人是谁？,Obscured_narrative_v2-session_7-1,"[{""asr_result"": ""这本书的出版人是谁？"", ""start_time"": 1.0, ""end_time"": 3.139}]"
13417805,https://lf26-bigspeech-sign.bytetos.com/bigspeech-platform/dorado_data_extract/fd1a7e2864ab49cdbb045df89f59d021?lk3s=56dfb1e9&x-expires=1849274775&x-signature=WzQrq2NVJEQqsP%2FGPif9aMKpc3c%3D,../data/c82daf56-45a9-4e34-ad6c-cf41bb88754c_000000_0_000000.parquet,1,"{""content"": {""U_1"": """", ""A_2"": ""豆包，这是什么品牌的标志？""}, ""session_id"": ""Obscured_narrative_v2-session_72-1"", ""duration"": 3.674, ""turn_points"": [1.0, 3.674], ""speech_prompt"": [], ""fe_sents"": [], ""text"": "" | 豆包，这是什么品牌的标志？"", ""start_time"": 1.0, ""end_time"": 3.674, ""sents"": [{""text"": """", ""speaker_id"": ""U"", ""start_time"": 0, ""end_time"": 1.0, ""words"": [], ""speech_prompt"": {}, ""round_idx"": 0}, {""text"": ""豆包，这是什么品牌的标志？"", ""speaker_id"": ""A"", ""start_time"": 1.0, ""end_time"": 3.674, ""words"": [], ""speech_prompt"": {}, ""round_idx"": 0}]}",0,Obscured_narrative_v2-session_72, | 豆包，这是什么品牌的标志？,Obscured_narrative_v2-session_72-1,"[{""asr_result"": ""豆包，这是什么品牌的标志？"", ""start_time"": 1.0, ""end_time"": 3.674}]"
13417806,https://lf9-bigspeech-sign.bytetos.com/bigspeech-platform/dorado_data_extract/6e127f591c114157a155433b0d59b14d?lk3s=56dfb1e9&x-expires=1849274775&x-signature=h6nQRtCyKQ0O5V%2BPnSQh%2FZ3z1DA%3D,../data/c82daf56-45a9-4e34-ad6c-cf41bb88754c_000000_0_000000.parquet,1,"{""content"": {""U_1"": """", ""A_2"": ""这包虾条上哪只动物最小？""}, ""session_id"": ""Obscured_narrative_v2-session_69-1"", ""duration"": 4.298, ""turn_points"": [1.0, 4.298], ""speech_prompt"": [], ""fe_sents"": [], ""text"": "" | 这包虾条上哪只动物最小？"", ""start_time"": 1.0, ""end_time"": 4.298, ""sents"": [{""text"": """", ""speaker_id"": ""U"", ""start_time"": 0, ""end_time"": 1.0, ""words"": [], ""speech_prompt"": {}, ""round_idx"": 0}, {""text"": ""这包虾条上哪只动物最小？"", ""speaker_id"": ""A"", ""start_time"": 1.0, ""end_time"": 4.298, ""words"": [], ""speech_prompt"": {}, ""round_idx"": 0}]}",0,Obscured_narrative_v2-session_69, | 这包虾条上哪只动物最小？,Obscured_narrative_v2-session_69-1,"[{""asr_result"": """", ""start_time"": 1.0, ""end_time"": 4.298}]"
13417807,https://lf6-bigspeech-sign.bytetos.com/bigspeech-platform/dorado_data_extract/3875c58ebc9145948600b22482a3cc83?lk3s=56dfb1e9&x-expires=1849274775&x-signature=2STybmDxg%2BDfeZIdeFA%2FS4p7efs%3D,../data/c82daf56-45a9-4e34-ad6c-cf41bb88754c_000000_0_000000.parquet,1,"{""content"": {""U_1"": """", ""A_2"": ""外面白色柱子上的道路标志牌是什么意思？""}, ""session_id"": ""Obscured_narrative_v2-session_63-1"", ""duration"": 4.696, ""turn_points"": [1.0, 4.696], ""speech_prompt"": [], ""fe_sents"": [], ""text"": "" | 外面白色柱子上的道路标志牌是什么意思？"", ""start_time"": 1.0, ""end_time"": 4.696, ""sents"": [{""text"": """", ""speaker_id"": ""U"", ""start_time"": 0, ""end_time"": 1.0, ""words"": [], ""speech_prompt"": {}, ""round_idx"": 0}, {""text"": ""外面白色柱子上的道路标志牌是什么意思？"", ""speaker_id"": ""A"", ""start_time"": 1.0, ""end_time"": 4.696, ""words"": [], ""speech_prompt"": {}, ""round_idx"": 0}]}",0,Obscured_narrative_v2-session_63, | 外面白色柱子上的道路标志牌是什么意思？,Obscured_narrative_v2-session_63-1,"[{""asr_result"": ""外面白色柱子上的道路标志牌是什么意思？"", ""start_time"": 1.0, ""end_time"": 4.696}]"
13417808,https://lf9-bigspeech-sign.bytetos.com/bigspeech-platform/dorado_data_extract/6b63c70710634889b101475f614475d2?lk3s=56dfb1e9&x-expires=1849274775&x-signature=9WqTEbKAfJzkF1fHI5HITV6hukY%3D,../data/c82daf56-45a9-4e34-ad6c-cf41bb88754c_000000_0_000000.parquet,1,"{""content"": {""U_1"": """", ""A_2"": ""被手指挡住的按钮是什么颜色的？""}, ""session_id"": ""Obscured_narrative_v2-session_73-1"", ""duration"": 3.959, ""turn_points"": [1.0, 3.959], ""speech_prompt"": [], ""fe_sents"": [], ""text"": "" | 被手指挡住的按钮是什么颜色的？"", ""start_time"": 1.0, ""end_time"": 3.959, ""sents"": [{""text"": """", ""speaker_id"": ""U"", ""start_time"": 0, ""end_time"": 1.0, ""words"": [], ""speech_prompt"": {}, ""round_idx"": 0}, {""text"": ""被手指挡住的按钮是什么颜色的？"", ""speaker_id"": ""A"", ""start_time"": 1.0, ""end_time"": 3.959, ""words"": [], ""speech_prompt"": {}, ""round_idx"": 0}]}",0,Obscured_narrative_v2-session_73, | 被手指挡住的按钮是什么颜色的？,Obscured_narrative_v2-session_73-1,"[{""asr_result"": ""被手指挡住的按钮是什么颜色的？"", ""start_time"": 1.0, ""end_time"": 3.959}]"
13417809,https://lf6-bigspeech-sign.bytetos.com/bigspeech-platform/dorado_data_extract/62419afe7ac74a039a7765a4677163c6?lk3s=56dfb1e9&x-expires=1849274775&x-signature=%2B8f9SHKpDhFd3nWLNmryQXPqn0A%3D,../data/c82daf56-45a9-4e34-ad6c-cf41bb88754c_000000_0_000000.parquet,1,"{""content"": {""U_1"": """", ""A_2"": ""这个徽章上面是一个什么图案？""}, ""session_id"": ""Obscured_narrative_v2-session_74-1"", ""duration"": 3.406, ""turn_points"": [1.0, 3.406], ""speech_prompt"": [], ""fe_sents"": [], ""text"": "" | 这个徽章上面是一个什么图案？"", ""start_time"": 1.0, ""end_time"": 3.406, ""sents"": [{""text"": """", ""speaker_id"": ""U"", ""start_time"": 0, ""end_time"": 1.0, ""words"": [], ""speech_prompt"": {}, ""round_idx"": 0}, {""text"": ""这个徽章上面是一个什么图案？"", ""speaker_id"": ""A"", ""start_time"": 1.0, ""end_time"": 3.406, ""words"": [], ""speech_prompt"": {}, ""round_idx"": 0}]}",0,Obscured_narrative_v2-session_74, | 这个徽章上面是一个什么图案？,Obscured_narrative_v2-session_74-1,"[{""asr_result"": ""这个徽章上面是一个什么图案？"", ""start_time"": 1.0, ""end_time"": 3.406}]"
13417810,https://lf26-bigspeech-sign.bytetos.com/bigspeech-platform/dorado_data_extract/2405ec43b065493b95266ff7a1979644?lk3s=56dfb1e9&x-expires=1849274775&x-signature=EV0cwWO7yXkXpPGhbU%2B1WLXbGHo%3D,../data/c82daf56-45a9-4e34-ad6c-cf41bb88754c_000000_0_000000.parquet,1,"{""content"": {""U_1"": """", ""A_2"": ""这个小人手里拿的是什么？""}, ""session_id"": ""Obscured_narrative_v2-session_75-1"", ""duration"": 3.004, ""turn_points"": [1.0, 3.004], ""speech_prompt"": [], ""fe_sents"": [], ""text"": "" | 这个小人手里拿的是什么？"", ""start_time"": 1.0, ""end_time"": 3.004, ""sents"": [{""text"": """", ""speaker_id"": ""U"", ""start_time"": 0, ""end_time"": 1.0, ""words"": [], ""speech_prompt"": {}, ""round_idx"": 0}, {""text"": ""这个小人手里拿的是什么？"", ""speaker_id"": ""A"", ""start_time"": 1.0, ""end_time"": 3.004, ""words"": [], ""speech_prompt"": {}, ""round_idx"": 0}]}",0,Obscured_narrative_v2-session_75, | 这个小人手里拿的是什么？,Obscured_narrative_v2-session_75-1,"[{""asr_result"": ""这个小人手里拿的是什么？"", ""start_time"": 1.0, ""end_time"": 3.004}]"
13417811,https://lf3-bigspeech-sign.bytetos.com/bigspeech-platform/dorado_data_extract/e00c68238e944f6e88413806d86bafa1?lk3s=56dfb1e9&x-expires=1849274775&x-signature=8ESgiqpseV%2FeOywNDCMYgWE%2FVrM%3D,../data/c82daf56-45a9-4e34-ad6c-cf41bb88754c_000000_0_000000.parquet,1,"{""content"": {""U_1"": """", ""A_2"": ""读一下标题的文字。""}, ""session_id"": ""Obscured_narrative_v2-session_59-1"", ""duration"": 2.496, ""turn_points"": [1.0, 2.496], ""speech_prompt"": [], ""fe_sents"": [], ""text"": "" | 读一下标题的文字。"", ""start_time"": 1.0, ""end_time"": 2.496, ""sents"": [{""text"": """", ""speaker_id"": ""U"", ""start_time"": 0, ""end_time"": 1.0, ""words"": [], ""speech_prompt"": {}, ""round_idx"": 0}, {""text"": ""读一下标题的文字。"", ""speaker_id"": ""A"", ""start_time"": 1.0, ""end_time"": 2.496, ""words"": [], ""speech_prompt"": {}, ""round_idx"": 0}]}",0,Obscured_narrative_v2-session_59, | 读一下标题的文字。,Obscured_narrative_v2-session_59-1,"[{""asr_result"": ""读一下标题的文字。"", ""start_time"": 1.0, ""end_time"": 2.496}]"
13417812,https://lf6-bigspeech-sign.bytetos.com/bigspeech-platform/dorado_data_extract/b7c22a9903d44fab86ba767c3fec527f?lk3s=56dfb1e9&x-expires=1849274775&x-signature=i8r%2BrGjU%2BrPMIEJYqm2WsgCqvSo%3D,../data/c82daf56-45a9-4e34-ad6c-cf41bb88754c_000000_0_000000.parquet,1,"{""content"": {""U_1"": """", ""A_2"": ""你好，豆包，帮我看一下这瓶钙片的保质期。""}, ""session_id"": ""Obscured_narrative_v2-session_54-1"", ""duration"": 4.493, ""turn_points"": [1.0, 4.493], ""speech_prompt"": [], ""fe_sents"": [], ""text"": "" | 你好，豆包，帮我看一下这瓶钙片的保质期。"", ""start_time"": 1.0, ""end_time"": 4.493, ""sents"": [{""text"": """", ""speaker_id"": ""U"", ""start_time"": 0, ""end_time"": 1.0, ""words"": [], ""speech_prompt"": {}, ""round_idx"": 0}, {""text"": ""你好，豆包，帮我看一下这瓶钙片的保质期。"", ""speaker_id"": ""A"", ""start_time"": 1.0, ""end_time"": 4.493, ""words"": [], ""speech_prompt"": {}, ""round_idx"": 0}]}",0,Obscured_narrative_v2-session_54, | 你好，豆包，帮我看一下这瓶钙片的保质期。,Obscured_narrative_v2-session_54-1,"[{""asr_result"": ""你好，豆包。帮我看一下这瓶钙片的保质期。"", ""start_time"": 1.0, ""end_time"": 4.493}]"
13417813,https://lf3-bigspeech-sign.bytetos.com/bigspeech-platform/dorado_data_extract/590fe9d6fe9446e68f9822466f5cef79?lk3s=56dfb1e9&x-expires=1849274775&x-signature=ct%2FdsEFA%2Bed60cGv63Oh3v8Its0%3D,../data/c82daf56-45a9-4e34-ad6c-cf41bb88754c_000000_0_000000.parquet,1,"{""content"": {""U_1"": """", ""A_2"": ""这个玩偶的眼睛是睁开还是闭着的？""}, ""session_id"": ""Obscured_narrative_v2-session_67-1"", ""duration"": 4.027, ""turn_points"": [1.0, 4.027], ""speech_prompt"": [], ""fe_sents"": [], ""text"": "" | 这个玩偶的眼睛是睁开还是闭着的？"", ""start_time"": 1.0, ""end_time"": 4.027, ""sents"": [{""text"": """", ""speaker_id"": ""U"", ""start_time"": 0, ""end_time"": 1.0, ""words"": [], ""speech_prompt"": {}, ""round_idx"": 0}, {""text"": ""这个玩偶的眼睛是睁开还是闭着的？"", ""speaker_id"": ""A"", ""start_time"": 1.0, ""end_time"": 4.027, ""words"": [], ""speech_prompt"": {}, ""round_idx"": 0}]}",0,Obscured_narrative_v2-session_67, | 这个玩偶的眼睛是睁开还是闭着的？,Obscured_narrative_v2-session_67-1,"[{""asr_result"": ""这个玩偶的眼睛是睁开还是闭着的？"", ""start_time"": 1.0, ""end_time"": 4.027}]"
13417814,https://lf6-bigspeech-sign.bytetos.com/bigspeech-platform/dorado_data_extract/23ec65ced0c64a3196c429be8ae37612?lk3s=56dfb1e9&x-expires=1849274775&x-signature=J2zHDrKUHX0uNxphXLaTHdNRvBE%3D,../data/c82daf56-45a9-4e34-ad6c-cf41bb88754c_000000_0_000000.parquet,1,"{""content"": {""U_1"": """", ""A_2"": ""这个女人是谁？""}, ""session_id"": ""Obscured_narrative_v2-session_76-1"", ""duration"": 2.433, ""turn_points"": [1.0, 2.433], ""speech_prompt"": [], ""fe_sents"": [], ""text"": "" | 这个女人是谁？"", ""start_time"": 1.0, ""end_time"": 2.433, ""sents"": [{""text"": """", ""speaker_id"": ""U"", ""start_time"": 0, ""end_time"": 1.0, ""words"": [], ""speech_prompt"": {}, ""round_idx"": 0}, {""text"": ""这个女人是谁？"", ""speaker_id"": ""A"", ""start_time"": 1.0, ""end_time"": 2.433, ""words"": [], ""speech_prompt"": {}, ""round_idx"": 0}]}",0,Obscured_narrative_v2-session_76, | 这个女人是谁？,Obscured_narrative_v2-session_76-1,"[{""asr_result"": ""这个女人是谁？"", ""start_time"": 1.0, ""end_time"": 2.433}]"
13417815,https://lf6-bigspeech-sign.bytetos.com/bigspeech-platform/dorado_data_extract/46c382c6609b4c45a5a395af322e12e4?lk3s=56dfb1e9&x-expires=1849274775&x-signature=A9MTE8A5BneBKF9mWW28IXn2WNs%3D,../data/c82daf56-45a9-4e34-ad6c-cf41bb88754c_000000_0_000000.parquet,1,"{""content"": {""U_1"": """", ""A_2"": ""你好，豆包，这是哪个平台的共享单车？""}, ""session_id"": ""Obscured_narrative_v2-session_78-1"", ""duration"": 4.206, ""turn_points"": [1.0, 4.206], ""speech_prompt"": [], ""fe_sents"": [], ""text"": "" | 你好，豆包，这是哪个平台的共享单车？"", ""start_time"": 1.0, ""end_time"": 4.206, ""sents"": [{""text"": """", ""speaker_id"": ""U"", ""start_time"": 0, ""end_time"": 1.0, ""words"": [], ""speech_prompt"": {}, ""round_idx"": 0}, {""text"": ""你好，豆包，这是哪个平台的共享单车？"", ""speaker_id"": ""A"", ""start_time"": 1.0, ""end_time"": 4.206, ""words"": [], ""speech_prompt"": {}, ""round_idx"": 0}]}",0,Obscured_narrative_v2-session_78, | 你好，豆包，这是哪个平台的共享单车？,Obscured_narrative_v2-session_78-1,"[{""asr_result"": ""你好，豆包。这是哪个平台的共享单车？"", ""start_time"": 1.0, ""end_time"": 4.206}]"
13417816,https://lf9-bigspeech-sign.bytetos.com/bigspeech-platform/dorado_data_extract/d6cc91400d9c495f9e34024d78e6a312?lk3s=56dfb1e9&x-expires=1849274775&x-signature=FSRzkcvHTbUO%2FW67h8L%2FL1cKtqU%3D,../data/c82daf56-45a9-4e34-ad6c-cf41bb88754c_000000_0_000000.parquet,1,"{""content"": {""U_1"": """", ""A_2"": ""这个人是谁？""}, ""session_id"": ""Obscured_narrative_v2-session_80-1"", ""duration"": 2.064, ""turn_points"": [1.0, 2.064], ""speech_prompt"": [], ""fe_sents"": [], ""text"": "" | 这个人是谁？"", ""start_time"": 1.0, ""end_time"": 2.064, ""sents"": [{""text"": """", ""speaker_id"": ""U"", ""start_time"": 0, ""end_time"": 1.0, ""words"": [], ""speech_prompt"": {}, ""round_idx"": 0}, {""text"": ""这个人是谁？"", ""speaker_id"": ""A"", ""start_time"": 1.0, ""end_time"": 2.064, ""words"": [], ""speech_prompt"": {}, ""round_idx"": 0}]}",0,Obscured_narrative_v2-session_80, | 这个人是谁？,Obscured_narrative_v2-session_80-1,"[{""asr_result"": ""这个人是谁？"", ""start_time"": 1.0, ""end_time"": 2.064}]"
13417817,https://lf6-bigspeech-sign.bytetos.com/bigspeech-platform/dorado_data_extract/087864f5075e4254bce16669212d1c59?lk3s=56dfb1e9&x-expires=1849274775&x-signature=O7LQrlUiqS4r9k0nWkcLPBs6GOA%3D,../data/c82daf56-45a9-4e34-ad6c-cf41bb88754c_000000_0_000000.parquet,1,"{""content"": {""U_1"": """", ""A_2"": ""马里奥，头顶上还有几块可以顶的砖块呀？""}, ""session_id"": ""Obscured_narrative_v2-session_82-1"", ""duration"": 4.316, ""turn_points"": [1.0, 4.316], ""speech_prompt"": [], ""fe_sents"": [], ""text"": "" | 马里奥，头顶上还有几块可以顶的砖块呀？"", ""start_time"": 1.0, ""end_time"": 4.316, ""sents"": [{""text"": """", ""speaker_id"": ""U"", ""start_time"": 0, ""end_time"": 1.0, ""words"": [], ""speech_prompt"": {}, ""round_idx"": 0}, {""text"": ""马里奥，头顶上还有几块可以顶的砖块呀？"", ""speaker_id"": ""A"", ""start_time"": 1.0, ""end_time"": 4.316, ""words"": [], ""speech_prompt"": {}, ""round_idx"": 0}]}",0,Obscured_narrative_v2-session_82, | 马里奥，头顶上还有几块可以顶的砖块呀？,Obscured_narrative_v2-session_82-1,"[{""asr_result"": ""马里奥，头顶上还有几块可以顶的砖块呀？"", ""start_time"": 1.0, ""end_time"": 4.316}]"
13417818,https://lf26-bigspeech-sign.bytetos.com/bigspeech-platform/dorado_data_extract/c1299c177b544c1cb867475b6be5d995?lk3s=56dfb1e9&x-expires=1849274775&x-signature=C78%2BX27RTX8fp5dgYH9UZN67VGo%3D,../data/c82daf56-45a9-4e34-ad6c-cf41bb88754c_000000_0_000000.parquet,1,"{""content"": {""U_1"": """", ""A_2"": ""它是单眼皮还是双眼皮？""}, ""session_id"": ""Obscured_narrative_v2-session_83-1"", ""duration"": 3.196, ""turn_points"": [1.0, 3.196], ""speech_prompt"": [], ""fe_sents"": [], ""text"": "" | 它是单眼皮还是双眼皮？"", ""start_time"": 1.0, ""end_time"": 3.196, ""sents"": [{""text"": """", ""speaker_id"": ""U"", ""start_time"": 0, ""end_time"": 1.0, ""words"": [], ""speech_prompt"": {}, ""round_idx"": 0}, {""text"": ""它是单眼皮还是双眼皮？"", ""speaker_id"": ""A"", ""start_time"": 1.0, ""end_time"": 3.196, ""words"": [], ""speech_prompt"": {}, ""round_idx"": 0}]}",0,Obscured_narrative_v2-session_83, | 它是单眼皮还是双眼皮？,Obscured_narrative_v2-session_83-1,"[{""asr_result"": ""他是单眼皮还是双眼皮？"", ""start_time"": 1.0, ""end_time"": 3.196}]"
13417819,https://lf26-bigspeech-sign.bytetos.com/bigspeech-platform/dorado_data_extract/15596f1be6d4462f80066a52a4d6369b?lk3s=56dfb1e9&x-expires=1849274775&x-signature=CVQ3l3r8SdTpaYWdhS0xsgbmWDg%3D,../data/c82daf56-45a9-4e34-ad6c-cf41bb88754c_000000_0_000000.parquet,1,"{""content"": {""U_1"": """", ""A_2"": ""这只猫猫的眼睛是什么颜色？""}, ""session_id"": ""Obscured_narrative_v2-session_81-1"", ""duration"": 3.391, ""turn_points"": [1.0, 3.391], ""speech_prompt"": [], ""fe_sents"": [], ""text"": "" | 这只猫猫的眼睛是什么颜色？"", ""start_time"": 1.0, ""end_time"": 3.391, ""sents"": [{""text"": """", ""speaker_id"": ""U"", ""start_time"": 0, ""end_time"": 1.0, ""words"": [], ""speech_prompt"": {}, ""round_idx"": 0}, {""text"": ""这只猫猫的眼睛是什么颜色？"", ""speaker_id"": ""A"", ""start_time"": 1.0, ""end_time"": 3.391, ""words"": [], ""speech_prompt"": {}, ""round_idx"": 0}]}",0,Obscured_narrative_v2-session_81, | 这只猫猫的眼睛是什么颜色？,Obscured_narrative_v2-session_81-1,"[{""asr_result"": ""这只猫猫的眼睛是什么颜色？"", ""start_time"": 1.0, ""end_time"": 3.391}]"
13417820,https://lf26-bigspeech-sign.bytetos.com/bigspeech-platform/dorado_data_extract/7d69c8e0f76a45da8222fcbea47d8369?lk3s=56dfb1e9&x-expires=1849274775&x-signature=LstBjXV%2BG39R3iiO9sWzwmZPHKE%3D,../data/c82daf56-45a9-4e34-ad6c-cf41bb88754c_000000_0_000000.parquet,1,"{""content"": {""U_1"": """", ""A_2"": ""我的大拇指头好疼，你能帮我看看是什么原因吗？""}, ""session_id"": ""Obscured_narrative_v2-session_86-1"", ""duration"": 4.902, ""turn_points"": [1.0, 4.902], ""speech_prompt"": [], ""fe_sents"": [], ""text"": "" | 我的大拇指头好疼，你能帮我看看是什么原因吗？"", ""start_time"": 1.0, ""end_time"": 4.902, ""sents"": [{""text"": """", ""speaker_id"": ""U"", ""start_time"": 0, ""end_time"": 1.0, ""words"": [], ""speech_prompt"": {}, ""round_idx"": 0}, {""text"": ""我的大拇指头好疼，你能帮我看看是什么原因吗？"", ""speaker_id"": ""A"", ""start_time"": 1.0, ""end_time"": 4.902, ""words"": [], ""speech_prompt"": {}, ""round_idx"": 0}]}",0,Obscured_narrative_v2-session_86, | 我的大拇指头好疼，你能帮我看看是什么原因吗？,Obscured_narrative_v2-session_86-1,"[{""asr_result"": ""我的大拇指头好疼，你能帮我看看是什么原因吗？"", ""start_time"": 1.0, ""end_time"": 4.902}]"
13417821,https://lf26-bigspeech-sign.bytetos.com/bigspeech-platform/dorado_data_extract/677c94e432814098b6115642855c5d5a?lk3s=56dfb1e9&x-expires=1849274775&x-signature=A0UgACfcf8mj9xlC2buyh%2FFGDmQ%3D,../data/c82daf56-45a9-4e34-ad6c-cf41bb88754c_000000_0_000000.parquet,1,"{""content"": {""U_1"": """", ""A_2"": ""这个拿麦克风的主持人是谁？""}, ""session_id"": ""Obscured_narrative_v2-session_84-1"", ""duration"": 3.556, ""turn_points"": [1.0, 3.556], ""speech_prompt"": [], ""fe_sents"": [], ""text"": "" | 这个拿麦克风的主持人是谁？"", ""start_time"": 1.0, ""end_time"": 3.556, ""sents"": [{""text"": """", ""speaker_id"": ""U"", ""start_time"": 0, ""end_time"": 1.0, ""words"": [], ""speech_prompt"": {}, ""round_idx"": 0}, {""text"": ""这个拿麦克风的主持人是谁？"", ""speaker_id"": ""A"", ""start_time"": 1.0, ""end_time"": 3.556, ""words"": [], ""speech_prompt"": {}, ""round_idx"": 0}]}",0,Obscured_narrative_v2-session_84, | 这个拿麦克风的主持人是谁？,Obscured_narrative_v2-session_84-1,"[{""asr_result"": ""这个拿麦克风的主持人是谁？"", ""start_time"": 1.0, ""end_time"": 3.556}]"
13417822,https://lf26-bigspeech-sign.bytetos.com/bigspeech-platform/dorado_data_extract/1eaaa43a736f454ca9a5fd4395d003ed?lk3s=56dfb1e9&x-expires=1849274775&x-signature=%2B22uDSCgyDylgZwuzEOZ2IaJ9a4%3D,../data/c82daf56-45a9-4e34-ad6c-cf41bb88754c_000000_0_000000.parquet,1,"{""content"": {""U_1"": """", ""A_2"": ""果篮里都有哪些种类的水果？""}, ""session_id"": ""Obscured_narrative_v2-session_88-1"", ""duration"": 3.498, ""turn_points"": [1.0, 3.498], ""speech_prompt"": [], ""fe_sents"": [], ""text"": "" | 果篮里都有哪些种类的水果？"", ""start_time"": 1.0, ""end_time"": 3.498, ""sents"": [{""text"": """", ""speaker_id"": ""U"", ""start_time"": 0, ""end_time"": 1.0, ""words"": [], ""speech_prompt"": {}, ""round_idx"": 0}, {""text"": ""果篮里都有哪些种类的水果？"", ""speaker_id"": ""A"", ""start_time"": 1.0, ""end_time"": 3.498, ""words"": [], ""speech_prompt"": {}, ""round_idx"": 0}]}",0,Obscured_narrative_v2-session_88, | 果篮里都有哪些种类的水果？,Obscured_narrative_v2-session_88-1,"[{""asr_result"": ""果篮里都有哪些种类的水果？"", ""start_time"": 1.0, ""end_time"": 3.498}]"
13417823,https://lf9-bigspeech-sign.bytetos.com/bigspeech-platform/dorado_data_extract/4599b18bc0df43fa819a04026cdc1bef?lk3s=56dfb1e9&x-expires=1849274775&x-signature=%2BReyJ8ryDfd0IaJMiicn3JjWaUY%3D,../data/c82daf56-45a9-4e34-ad6c-cf41bb88754c_000000_0_000000.parquet,1,"{""content"": {""U_1"": """", ""A_2"": ""这个化妆刷是用来画哪个部位的？""}, ""session_id"": ""Obscured_narrative_v2-session_89-1"", ""duration"": 3.824, ""turn_points"": [1.0, 3.824], ""speech_prompt"": [], ""fe_sents"": [], ""text"": "" | 这个化妆刷是用来画哪个部位的？"", ""start_time"": 1.0, ""end_time"": 3.824, ""sents"": [{""text"": """", ""speaker_id"": ""U"", ""start_time"": 0, ""end_time"": 1.0, ""words"": [], ""speech_prompt"": {}, ""round_idx"": 0}, {""text"": ""这个化妆刷是用来画哪个部位的？"", ""speaker_id"": ""A"", ""start_time"": 1.0, ""end_time"": 3.824, ""words"": [], ""speech_prompt"": {}, ""round_idx"": 0}]}",0,Obscured_narrative_v2-session_89, | 这个化妆刷是用来画哪个部位的？,Obscured_narrative_v2-session_89-1,"[{""asr_result"": ""这个化妆刷是用来画哪个部位的？"", ""start_time"": 1.0, ""end_time"": 3.824}]"
13417824,https://lf9-bigspeech-sign.bytetos.com/bigspeech-platform/dorado_data_extract/155edeb599a14df9b4626d3ef1c4ebe9?lk3s=56dfb1e9&x-expires=1849274775&x-signature=gS8zk1688ZGr65pGiK8SJGm9jTg%3D,../data/c82daf56-45a9-4e34-ad6c-cf41bb88754c_000000_0_000000.parquet,1,"{""content"": {""U_1"": """", ""A_2"": ""让孙思邈还明确提出了这标皇的后面是什么内容，补充一下。""}, ""session_id"": ""Obscured_narrative_v2-session_8-1"", ""duration"": 5.893, ""turn_points"": [1.0, 5.893], ""speech_prompt"": [], ""fe_sents"": [], ""text"": "" | 让孙思邈还明确提出了这标皇的后面是什么内容，补充一下。"", ""start_time"": 1.0, ""end_time"": 5.893, ""sents"": [{""text"": """", ""speaker_id"": ""U"", ""start_time"": 0, ""end_time"": 1.0, ""words"": [], ""speech_prompt"": {}, ""round_idx"": 0}, {""text"": ""让孙思邈还明确提出了这标皇的后面是什么内容，补充一下。"", ""speaker_id"": ""A"", ""start_time"": 1.0, ""end_time"": 5.893, ""words"": [], ""speech_prompt"": {}, ""round_idx"": 0}]}",0,Obscured_narrative_v2-session_8, | 让孙思邈还明确提出了这标皇的后面是什么内容，补充一下。,Obscured_narrative_v2-session_8-1,"[{""asr_result"": ""让孙思邈还明确提出了这标黄的后面是什么内容，补充一下。"", ""start_time"": 1.0, ""end_time"": 5.893}]"
13417825,https://lf26-bigspeech-sign.bytetos.com/bigspeech-platform/dorado_data_extract/8dcc5161d827452581c9bcfba5511e34?lk3s=56dfb1e9&x-expires=1849274775&x-signature=hnvv9%2FPtLVOvpiXzFhellh0ZDP0%3D,../data/c82daf56-45a9-4e34-ad6c-cf41bb88754c_000000_0_000000.parquet,1,"{""content"": {""U_1"": """", ""A_2"": ""这个隔离是什么颜色的？""}, ""session_id"": ""Obscured_narrative_v2-session_90-1"", ""duration"": 3.309, ""turn_points"": [1.0, 3.309], ""speech_prompt"": [], ""fe_sents"": [], ""text"": "" | 这个隔离是什么颜色的？"", ""start_time"": 1.0, ""end_time"": 3.309, ""sents"": [{""text"": """", ""speaker_id"": ""U"", ""start_time"": 0, ""end_time"": 1.0, ""words"": [], ""speech_prompt"": {}, ""round_idx"": 0}, {""text"": ""这个隔离是什么颜色的？"", ""speaker_id"": ""A"", ""start_time"": 1.0, ""end_time"": 3.309, ""words"": [], ""speech_prompt"": {}, ""round_idx"": 0}]}",0,Obscured_narrative_v2-session_90, | 这个隔离是什么颜色的？,Obscured_narrative_v2-session_90-1,"[{""asr_result"": ""这个隔离是什么颜色的？"", ""start_time"": 1.0, ""end_time"": 3.309}]"
13417826,https://lf9-bigspeech-sign.bytetos.com/bigspeech-platform/dorado_data_extract/313ff643c9cb41b2bb72c888877557a5?lk3s=56dfb1e9&x-expires=1849274775&x-signature=e4dsCG06WnGrsxxaHM9euOS9Yo8%3D,../data/c82daf56-45a9-4e34-ad6c-cf41bb88754c_000000_0_000000.parquet,1,"{""content"": {""U_1"": """", ""A_2"": ""我手指的下面这个是谁？""}, ""session_id"": ""Obscured_narrative_v2-session_91-1"", ""duration"": 2.906, ""turn_points"": [1.0, 2.906], ""speech_prompt"": [], ""fe_sents"": [], ""text"": "" | 我手指的下面这个是谁？"", ""start_time"": 1.0, ""end_time"": 2.906, ""sents"": [{""text"": """", ""speaker_id"": ""U"", ""start_time"": 0, ""end_time"": 1.0, ""words"": [], ""speech_prompt"": {}, ""round_idx"": 0}, {""text"": ""我手指的下面这个是谁？"", ""speaker_id"": ""A"", ""start_time"": 1.0, ""end_time"": 2.906, ""words"": [], ""speech_prompt"": {}, ""round_idx"": 0}]}",0,Obscured_narrative_v2-session_91, | 我手指的下面这个是谁？,Obscured_narrative_v2-session_91-1,"[{""asr_result"": ""我手指的下面这个是谁？"", ""start_time"": 1.0, ""end_time"": 2.906}]"
13417827,https://lf9-bigspeech-sign.bytetos.com/bigspeech-platform/dorado_data_extract/c56092f6ba7d4d9d8f54274532a632f8?lk3s=56dfb1e9&x-expires=1849274775&x-signature=qb8852z%2BYlbEvebzptpve3euAfc%3D,../data/c82daf56-45a9-4e34-ad6c-cf41bb88754c_000000_0_000000.parquet,1,"{""content"": {""U_1"": """", ""A_2"": ""中间的人是谁？""}, ""session_id"": ""Obscured_narrative_v2-session_94-1"", ""duration"": 2.302, ""turn_points"": [1.0, 2.302], ""speech_prompt"": [], ""fe_sents"": [], ""text"": "" | 中间的人是谁？"", ""start_time"": 1.0, ""end_time"": 2.302, ""sents"": [{""text"": """", ""speaker_id"": ""U"", ""start_time"": 0, ""end_time"": 1.0, ""words"": [], ""speech_prompt"": {}, ""round_idx"": 0}, {""text"": ""中间的人是谁？"", ""speaker_id"": ""A"", ""start_time"": 1.0, ""end_time"": 2.302, ""words"": [], ""speech_prompt"": {}, ""round_idx"": 0}]}",0,Obscured_narrative_v2-session_94, | 中间的人是谁？,Obscured_narrative_v2-session_94-1,"[{""asr_result"": ""《中间的人是谁》"", ""start_time"": 1.0, ""end_time"": 2.302}]"
13417828,https://lf3-bigspeech-sign.bytetos.com/bigspeech-platform/dorado_data_extract/4fe5877b58724a9d8753a6a6455a3882?lk3s=56dfb1e9&x-expires=1849274775&x-signature=NNGImaTFxic5LyVA9%2FDBFem%2BeSo%3D,../data/c82daf56-45a9-4e34-ad6c-cf41bb88754c_000000_0_000000.parquet,1,"{""content"": {""U_1"": """", ""A_2"": ""你好，豆包，请问这只小猫是一只什么品种的猫？""}, ""session_id"": ""Obscured_narrative_v2-session_93-1"", ""duration"": 4.904, ""turn_points"": [1.0, 4.904], ""speech_prompt"": [], ""fe_sents"": [], ""text"": "" | 你好，豆包，请问这只小猫是一只什么品种的猫？"", ""start_time"": 1.0, ""end_time"": 4.904, ""sents"": [{""text"": """", ""speaker_id"": ""U"", ""start_time"": 0, ""end_time"": 1.0, ""words"": [], ""speech_prompt"": {}, ""round_idx"": 0}, {""text"": ""你好，豆包，请问这只小猫是一只什么品种的猫？"", ""speaker_id"": ""A"", ""start_time"": 1.0, ""end_time"": 4.904, ""words"": [], ""speech_prompt"": {}, ""round_idx"": 0}]}",0,Obscured_narrative_v2-session_93, | 你好，豆包，请问这只小猫是一只什么品种的猫？,Obscured_narrative_v2-session_93-1,"[{""asr_result"": ""你好，豆包。请问这只小猫是一只什么品种的猫？"", ""start_time"": 1.0, ""end_time"": 4.904}]"
13417829,https://lf3-bigspeech-sign.bytetos.com/bigspeech-platform/dorado_data_extract/f6c93ab04cc8463c9b5482ced4eb6381?lk3s=56dfb1e9&x-expires=1849274775&x-signature=PTglg54LuAq3yf7SMCTnijVCu4I%3D,../data/c82daf56-45a9-4e34-ad6c-cf41bb88754c_000000_0_000000.parquet,1,"{""content"": {""U_1"": """", ""A_2"": ""这是哪部电影？""}, ""session_id"": ""Obscured_narrative_v2-session_92-1"", ""duration"": 2.479, ""turn_points"": [1.0, 2.479], ""speech_prompt"": [], ""fe_sents"": [], ""text"": "" | 这是哪部电影？"", ""start_time"": 1.0, ""end_time"": 2.479, ""sents"": [{""text"": """", ""speaker_id"": ""U"", ""start_time"": 0, ""end_time"": 1.0, ""words"": [], ""speech_prompt"": {}, ""round_idx"": 0}, {""text"": ""这是哪部电影？"", ""speaker_id"": ""A"", ""start_time"": 1.0, ""end_time"": 2.479, ""words"": [], ""speech_prompt"": {}, ""round_idx"": 0}]}",0,Obscured_narrative_v2-session_92, | 这是哪部电影？,Obscured_narrative_v2-session_92-1,"[{""asr_result"": ""这是哪部电影？"", ""start_time"": 1.0, ""end_time"": 2.479}]"
13417830,https://lf9-bigspeech-sign.bytetos.com/bigspeech-platform/dorado_data_extract/7b0aebe487894f988f399104aa29101c?lk3s=56dfb1e9&x-expires=1849274775&x-signature=g7ki40n3HTC32gtHtFI1idTeacM%3D,../data/c82daf56-45a9-4e34-ad6c-cf41bb88754c_000000_0_000000.parquet,1,"{""content"": {""U_1"": """", ""A_2"": ""豆包你好，请问这是什么品牌的电风扇？""}, ""session_id"": ""Obscured_narrative_v2-session_77-1"", ""duration"": 4.16, ""turn_points"": [1.0, 4.16], ""speech_prompt"": [], ""fe_sents"": [], ""text"": "" | 豆包你好，请问这是什么品牌的电风扇？"", ""start_time"": 1.0, ""end_time"": 4.16, ""sents"": [{""text"": """", ""speaker_id"": ""U"", ""start_time"": 0, ""end_time"": 1.0, ""words"": [], ""speech_prompt"": {}, ""round_idx"": 0}, {""text"": ""豆包你好，请问这是什么品牌的电风扇？"", ""speaker_id"": ""A"", ""start_time"": 1.0, ""end_time"": 4.16, ""words"": [], ""speech_prompt"": {}, ""round_idx"": 0}]}",0,Obscured_narrative_v2-session_77, | 豆包你好，请问这是什么品牌的电风扇？,Obscured_narrative_v2-session_77-1,"[{""asr_result"": ""豆包，你好。请问这是什么品牌的电风扇？"", ""start_time"": 1.0, ""end_time"": 4.16}]"
13417831,https://lf3-bigspeech-sign.bytetos.com/bigspeech-platform/dorado_data_extract/036572a3f9834a66b173b9662e77bd66?lk3s=56dfb1e9&x-expires=1849274775&x-signature=mYD3iv6ojz7%2B4SoRNZE8R3diHpE%3D,../data/c82daf56-45a9-4e34-ad6c-cf41bb88754c_000000_0_000000.parquet,1,"{""content"": {""U_1"": """", ""A_2"": ""这包调料是干什么用的？""}, ""session_id"": ""Obscured_narrative_v2-session_79-1"", ""duration"": 3.309, ""turn_points"": [1.0, 3.309], ""speech_prompt"": [], ""fe_sents"": [], ""text"": "" | 这包调料是干什么用的？"", ""start_time"": 1.0, ""end_time"": 3.309, ""sents"": [{""text"": """", ""speaker_id"": ""U"", ""start_time"": 0, ""end_time"": 1.0, ""words"": [], ""speech_prompt"": {}, ""round_idx"": 0}, {""text"": ""这包调料是干什么用的？"", ""speaker_id"": ""A"", ""start_time"": 1.0, ""end_time"": 3.309, ""words"": [], ""speech_prompt"": {}, ""round_idx"": 0}]}",0,Obscured_narrative_v2-session_79, | 这包调料是干什么用的？,Obscured_narrative_v2-session_79-1,"[{""asr_result"": ""这包调料是干什么用的？"", ""start_time"": 1.0, ""end_time"": 3.309}]"
13417832,https://lf6-bigspeech-sign.bytetos.com/bigspeech-platform/dorado_data_extract/8c605bc508344e2e863d5bae5aca70a4?lk3s=56dfb1e9&x-expires=1849274775&x-signature=HKJFl5BvzRQqf3plhLKvvqmOSww%3D,../data/c82daf56-45a9-4e34-ad6c-cf41bb88754c_000000_0_000000.parquet,1,"{""content"": {""U_1"": """", ""A_2"": ""白色茶杯后边是什么美食？""}, ""session_id"": ""Obscured_narrative_v2-session_85-1"", ""duration"": 3.292, ""turn_points"": [1.0, 3.292], ""speech_prompt"": [], ""fe_sents"": [], ""text"": "" | 白色茶杯后边是什么美食？"", ""start_time"": 1.0, ""end_time"": 3.292, ""sents"": [{""text"": """", ""speaker_id"": ""U"", ""start_time"": 0, ""end_time"": 1.0, ""words"": [], ""speech_prompt"": {}, ""round_idx"": 0}, {""text"": ""白色茶杯后边是什么美食？"", ""speaker_id"": ""A"", ""start_time"": 1.0, ""end_time"": 3.292, ""words"": [], ""speech_prompt"": {}, ""round_idx"": 0}]}",0,Obscured_narrative_v2-session_85, | 白色茶杯后边是什么美食？,Obscured_narrative_v2-session_85-1,"[{""asr_result"": ""白色茶杯后边是什么美食？"", ""start_time"": 1.0, ""end_time"": 3.292}]"
13417833,https://lf3-bigspeech-sign.bytetos.com/bigspeech-platform/dorado_data_extract/da08de60951d4801abe0982225145eda?lk3s=56dfb1e9&x-expires=1849274775&x-signature=axB3OARA5AodINxOL0up2H%2BECbI%3D,../data/c82daf56-45a9-4e34-ad6c-cf41bb88754c_000000_0_000000.parquet,1,"{""content"": {""U_1"": """", ""A_2"": ""赵雅芝旁边的明星是谁？""}, ""session_id"": ""Obscured_narrative_v2-session_95-1"", ""duration"": 3.099, ""turn_points"": [1.0, 3.099], ""speech_prompt"": [], ""fe_sents"": [], ""text"": "" | 赵雅芝旁边的明星是谁？"", ""start_time"": 1.0, ""end_time"": 3.099, ""sents"": [{""text"": """", ""speaker_id"": ""U"", ""start_time"": 0, ""end_time"": 1.0, ""words"": [], ""speech_prompt"": {}, ""round_idx"": 0}, {""text"": ""赵雅芝旁边的明星是谁？"", ""speaker_id"": ""A"", ""start_time"": 1.0, ""end_time"": 3.099, ""words"": [], ""speech_prompt"": {}, ""round_idx"": 0}]}",0,Obscured_narrative_v2-session_95, | 赵雅芝旁边的明星是谁？,Obscured_narrative_v2-session_95-1,"[{""asr_result"": ""赵雅芝旁边的明星是谁？"", ""start_time"": 1.0, ""end_time"": 3.099}]"
13417834,https://lf9-bigspeech-sign.bytetos.com/bigspeech-platform/dorado_data_extract/b5c6e809bb374cd09bea1ee79b0fc040?lk3s=56dfb1e9&x-expires=1849274775&x-signature=aV%2Bl4yowewD30iopITg2JeIdle8%3D,../data/c82daf56-45a9-4e34-ad6c-cf41bb88754c_000000_0_000000.parquet,1,"{""content"": {""U_1"": """", ""A_2"": ""这本书的封面设计是谁？""}, ""session_id"": ""Obscured_narrative_v2-session_9-1"", ""duration"": 3.104, ""turn_points"": [1.0, 3.104], ""speech_prompt"": [], ""fe_sents"": [], ""text"": "" | 这本书的封面设计是谁？"", ""start_time"": 1.0, ""end_time"": 3.104, ""sents"": [{""text"": """", ""speaker_id"": ""U"", ""start_time"": 0, ""end_time"": 1.0, ""words"": [], ""speech_prompt"": {}, ""round_idx"": 0}, {""text"": ""这本书的封面设计是谁？"", ""speaker_id"": ""A"", ""start_time"": 1.0, ""end_time"": 3.104, ""words"": [], ""speech_prompt"": {}, ""round_idx"": 0}]}",0,Obscured_narrative_v2-session_9, | 这本书的封面设计是谁？,Obscured_narrative_v2-session_9-1,"[{""asr_result"": ""这本书的封面设计是谁？"", ""start_time"": 1.0, ""end_time"": 3.104}]"
13417835,https://lf9-bigspeech-sign.bytetos.com/bigspeech-platform/dorado_data_extract/a32e273106dc4a149e7e1a0893c72e59?lk3s=56dfb1e9&x-expires=1849274775&x-signature=eUsRBjiJRb5KHftQV4cibmNrW%2BY%3D,../data/c82daf56-45a9-4e34-ad6c-cf41bb88754c_000000_0_000000.parquet,1,"{""content"": {""U_1"": """", ""A_2"": ""这个游戏是塞尔达，但是我看不清林克身上背的是什么武器。""}, ""session_id"": ""Obscured_narrative_v2-session_87-1"", ""duration"": 5.792, ""turn_points"": [1.0, 5.792], ""speech_prompt"": [], ""fe_sents"": [], ""text"": "" | 这个游戏是塞尔达，但是我看不清林克身上背的是什么武器。"", ""start_time"": 1.0, ""end_time"": 5.792, ""sents"": [{""text"": """", ""speaker_id"": ""U"", ""start_time"": 0, ""end_time"": 1.0, ""words"": [], ""speech_prompt"": {}, ""round_idx"": 0}, {""text"": ""这个游戏是塞尔达，但是我看不清林克身上背的是什么武器。"", ""speaker_id"": ""A"", ""start_time"": 1.0, ""end_time"": 5.792, ""words"": [], ""speech_prompt"": {}, ""round_idx"": 0}]}",0,Obscured_narrative_v2-session_87, | 这个游戏是塞尔达，但是我看不清林克身上背的是什么武器。,Obscured_narrative_v2-session_87-1,"[{""asr_result"": ""这个游戏是塞尔达，但是我看不清林克身上背的是什么武器。"", ""start_time"": 1.0, ""end_time"": 5.792}]"
