group_prefix,example_uttid,missing_texts,missing_count,total_segments,asr_result_raw_example
"ASR-A10&""-","ASR-A10&""-""&D10",['| 豆包豆包，想看我打球的还是金管。'],1,1,"[{""asr_result"": ""豆包豆包，想看我打球的还是金管的？"", ""start_time"": 1.0, ""end_time"": 4.427}]"
ASR-A1000&,"ASR-A1000&""-""&D1000",['| 豆包他这个换手率，换手率越高是不是越好啊？'],1,1,"[{""asr_result"": ""豆包，它这个换手率，换手率越高是不是越好啊？"", ""start_time"": 1.0, ""end_time"": 5.234}]"
ASR-A1002&,"ASR-A1002&""-""&D1002",['| 我想看某一只股票的融资净买入额，这怎么看呢？'],1,1,"[{""asr_result"": ""我想看某一只股票的融资净买入额，这怎么看呢？"", ""start_time"": 1.0, ""end_time"": 5.513}]"
ASR-A1004&,"ASR-A1004&""-""&D1004",['| 我现在融资余额。'],1,1,"[{""asr_result"": ""我现在融资余额。"", ""start_time"": 1.0, ""end_time"": 2.684}]"
ASR-A1006&,"ASR-A1006&""-""&D1006",['| 融资。'],1,1,"[{""asr_result"": ""《融资》"", ""start_time"": 1.0, ""end_time"": 1.8}]"
ASR-A1008&,"ASR-A1008&""-""&D1008",['| 6.3。'],1,1,"[{""asr_result"": ""6.3."", ""start_time"": 1.0, ""end_time"": 2.15}]"
"ASR-A101&""","ASR-A101&""-""&D101",['| 我就抽。'],1,1,"[{""asr_result"": ""我就抽。"", ""start_time"": 1.0, ""end_time"": 1.82}]"
ASR-A1010&,"ASR-A1010&""-""&D1010",['| 3.4 十三点二个亿。'],1,1,"[{""asr_result"": ""3:40，3.2 个亿。"", ""start_time"": 1.0, ""end_time"": 3.79}]"
ASR-A1012&,"ASR-A1012&""-""&D1012",['| 药明康德 3.20 个亿。'],1,1,"[{""asr_result"": ""药明康德 3.20 个亿。"", ""start_time"": 1.0, ""end_time"": 3.472}]"
ASR-A1014&,"ASR-A1014&""-""&D1014",['| 8 月 19 号，3.2 个亿，这是 8 月 19 号的时间。'],1,1,"[{""asr_result"": ""8 月 19 号，3.2 个亿。这是 8 月 19 号的时间。"", ""start_time"": 1.0, ""end_time"": 5.802}]"
ASR-A1016&,"ASR-A1016&""-""&D1016",['| 他这个，他这个药明，康德 8 月 19 号，他为什么今天没有 20 号呢？'],1,1,"[{""asr_result"": ""他这个他这个药名，康德，8 月 19 号。他为什么今天没有 20 号呢？"", ""start_time"": 1.0, ""end_time"": 7.089}]"
ASR-A1018&,"ASR-A1018&""-""&D1018",['| 他现在这个股票的融券这一栏余量是 31.48 万股。'],1,1,"[{""asr_result"": ""他现在这个股票的融券这一栏余量是 31.48 万股。"", ""start_time"": 1.0, ""end_time"": 6.106}]"
ASR-A1020&,"ASR-A1020&""-""&D1020",['| 卖出量，卖，不是他，这是我看的是药明康德，是 8 月 19 号的。'],1,1,"[{""asr_result"": ""麦初亮，麦，不是他，这是，我看的是药明康德，是 8 月 19 号的。"", ""start_time"": 1.0, ""end_time"": 6.901}]"
ASR-A1022&,"ASR-A1022&""-""&D1022",['| 融券这一栏把余量是 31.48。'],1,1,"[{""asr_result"": ""融券这一栏，把余量是 31.48。"", ""start_time"": 1.0, ""end_time"": 4.469}]"
ASR-A1024&,"ASR-A1024&""-""&D1024",['| 卖出量是 1.34。'],1,1,"[{""asr_result"": ""卖出量是 11.34。"", ""start_time"": 1.0, ""end_time"": 2.905}]"
ASR-A1026&,"ASR-A1026&""-""&D1026",['| 偿还量是 5.29。'],1,1,"[{""asr_result"": ""偿还量是 5.29。"", ""start_time"": 1.0, ""end_time"": 2.913}]"
ASR-A1028&,"ASR-A1028&""-""&D1028",['| 所以说它是融券的，净卖出是互的 3.95。'],1,1,"[{""asr_result"": ""所以说它是融券的，净卖出是沪的 3.95。"", ""start_time"": 1.0, ""end_time"": 5.431}]"
"ASR-A103&""","ASR-A103&""-""&D103",['| 前面有，他也看出来。'],1,1,"[{""asr_result"": ""前面有，他也看出来。"", ""start_time"": 1.0, ""end_time"": 2.669}]"
ASR-A1030&,"ASR-A1030&""-""&D1030",['| 好的。'],1,1,"[{""asr_result"": ""好的。"", ""start_time"": 1.0, ""end_time"": 1.896}]"
ASR-A1032&,"ASR-A1032&""-""&D1032",['| 好嘞。'],1,1,"[{""asr_result"": ""好嘞。"", ""start_time"": 1.0, ""end_time"": 1.75}]"
ASR-A1034&,"ASR-A1034&""-""&D1034",['| 哦，他这个今天的数据还没有更新，还是 8 月 19 号了。'],1,1,"[{""asr_result"": ""哦，他这个今天的数据还没有更新，还是 8 月 19 号了。"", ""start_time"": 1.0, ""end_time"": 5.279}]"
ASR-A1036&,"ASR-A1036&""-""&D1036",['| 好嘞。'],1,1,"[{""asr_result"": ""好嘞。"", ""start_time"": 1.0, ""end_time"": 1.753}]"
ASR-A1038&,"ASR-A1038&""-""&D1038",['| 那这个是中，继续创 6.42 亿。'],1,1,"[{""asr_result"": ""那这个是中，继续创 6.42 亿。"", ""start_time"": 1.0, ""end_time"": 4.3}]"
ASR-A1040&,"ASR-A1040&""-""&D1040",['| 豆包它这个融资净买入。'],1,1,"[{""asr_result"": ""豆包，他这个融资净买入。"", ""start_time"": 1.0, ""end_time"": 3.509}]"
ASR-A1042&,"ASR-A1042&""-""&D1042",['| 是户数，这是什么意思呢？'],1,1,"[{""asr_result"": ""是互数，这是什么意思呢？"", ""start_time"": 1.0, ""end_time"": 3.682}]"
"ASR-A105&""","ASR-A105&""-""&D105",['| 这个，这个是什么？'],1,1,"[{""asr_result"": ""这个这个是什么啊？"", ""start_time"": 1.0, ""end_time"": 3.002}]"
"ASR-A107&""","ASR-A107&""-""&D107",['| 这个是什么呢？'],1,1,"[{""asr_result"": ""这个是什么呢？"", ""start_time"": 1.0, ""end_time"": 2.225}]"
"ASR-A109&""","ASR-A109&""-""&D109",['| 这个是什么？'],1,1,"[{""asr_result"": ""这个是什么？"", ""start_time"": 1.0, ""end_time"": 2.081}]"
"ASR-A11&""-","ASR-A11&""-""&D11",['| 这句话的英文怎么读？'],1,1,"[{""asr_result"": ""这句话的英文怎么读？"", ""start_time"": 1.0, ""end_time"": 2.599}]"
"ASR-A111&""","ASR-A111&""-""&D111",['| 不对，这不是鸡毛枪，再猜。'],1,1,"[{""asr_result"": ""不对，这不是鸡毛腔，再猜。"", ""start_time"": 1.0, ""end_time"": 3.098}]"
"ASR-A113&""","ASR-A113&""-""&D113",['| 不是。'],1,1,"[{""asr_result"": ""不是。"", ""start_time"": 1.0, ""end_time"": 1.875}]"
"ASR-A115&""","ASR-A115&""-""&D115",['| 这个是什么？这个是什么动感角色？'],1,1,"[{""asr_result"": ""这个是什么？这个是什么动感角色？"", ""start_time"": 1.0, ""end_time"": 4.397}]"
"ASR-A116&""","ASR-A116&""-""&D116",['| 豆哥你好。'],1,1,"[{""asr_result"": ""豆哥，你好。"", ""start_time"": 1.0, ""end_time"": 1.903}]"
"ASR-A118&""","ASR-A118&""-""&D118",['| 停停停。'],1,1,"[{""asr_result"": ""停停停。"", ""start_time"": 1.0, ""end_time"": 1.996}]"
"ASR-A120&""","ASR-A120&""-""&D120",['| 练习啥呢？我，我是在补作业呢，我现在 28 页，我写了两行，我总共，总共这个，总共这个作业，我看看他总共有这个 52 52 面。'],1,1,"[{""asr_result"": ""练习啥呢？我我是在补作业呢。我现在 28 页，我写了两行。我总共总共这个，总共这个作业，我看看它总共有这个 52 52 面。"", ""start_time"": 1.0, ""end_time"": 14.702}]"
"ASR-A122&""","ASR-A122&""-""&D122",['| 豆包，我现在九月一号开学，我能，我能在，我能在九月一号早上七点之前写完吗？'],1,1,"[{""asr_result"": ""豆包，我现在 9 月 1 号开学，我能，我能在，我能在 9 月 1 号早上 7 点之前写完吗？"", ""start_time"": 1.0, ""end_time"": 8.522}]"
"ASR-A124&""","ASR-A124&""-""&D124",['| 那你给教教我呗？'],1,1,"[{""asr_result"": ""那你给教教我呗。"", ""start_time"": 1.0, ""end_time"": 2.275}]"
"ASR-A126&""","ASR-A126&""-""&D126",['| 距离开学还有 46 个小时，怎么补完呢？'],1,1,"[{""asr_result"": ""距离开学还有 46 个小时，怎么补完呢？"", ""start_time"": 1.0, ""end_time"": 4.609}]"
"ASR-A128&""","ASR-A128&""-""&D128",['| 46-10 46-19 等于几？'],1,1,"[{""asr_result"": ""46-10，46-19 等于几？"", ""start_time"": 1.0, ""end_time"": 4.395}]"
"ASR-A13&""-","ASR-A13&""-""&D13",['| 小豆子，刘星辰的签名怎么签？'],1,1,"[{""asr_result"": ""小豆子，刘星辰的签名怎么签？"", ""start_time"": 1.0, ""end_time"": 3.603}]"
"ASR-A130&""","ASR-A130&""-""&D130",['| 那我只有 27 个小时补作业了，你给我规划一下吧。然后呢？我还有两个手抄报没做。'],1,1,"[{""asr_result"": ""那我只有 27 个小时补作业了，你给我规划一下吧。然后呢，我还有两个手抄报没做。"", ""start_time"": 1.0, ""end_time"": 7.361}]"
"ASR-A132&""","ASR-A132&""-""&D132",['| 等一下，豆包。'],1,1,"[{""asr_result"": ""等一下，豆包。"", ""start_time"": 1.0, ""end_time"": 2.0}]"
"ASR-A134&""","ASR-A134&""-""&D134",['| 等下豆包跟你说一下，28~50， 22-28 等于多少？'],1,1,"[{""asr_result"": ""等下，豆包给你说一下，28~50，22-28 等于多少？"", ""start_time"": 1.0, ""end_time"": 6.675}]"
"ASR-A136&""","ASR-A136&""-""&D136",['| 我是 20 要，所以我总共加上我之前写的，我总共要写 22 面，这个口，这个这个练字帖也就是 11 页，怎么怎么规划？怎么规划？来。'],1,1,"[{""asr_result"": ""我是 20 要，所以我总共加上我之前写的，我总共要写 22 面。这个口，这个这个练字帖也就是 11 页，怎么怎么规划？怎么规划？来。"", ""start_time"": 1.0, ""end_time"": 13.811}]"
"ASR-A138&""","ASR-A138&""-""&D138",['| 没那么多时间，我现在现在离开学一天都不到了。'],1,1,"[{""asr_result"": ""没那么多时间，我现在现在离开学一天都不到了。"", ""start_time"": 1.0, ""end_time"": 4.952}]"
"ASR-A140&""","ASR-A140&""-""&D140",['| 我真是写了好大一圈呀，哈哈。'],1,1,"[{""asr_result"": ""我真是写了好大一圈呀，哈哈。"", ""start_time"": 1.0, ""end_time"": 3.424}]"
"ASR-A142&""","ASR-A142&""-""&D142",['| 我喜，我是这样想的，难道我不能？我我。'],1,1,"[{""asr_result"": ""我喜，我是这样想的，难道我不能？我我"", ""start_time"": 1.0, ""end_time"": 4.29}]"
"ASR-A144&""","ASR-A144&""-""&D144",['| 我不能写到 30 多页，然后呢？然后老师说我剩下怎么没写完？我就说老师，我我我是每天一页一页写的。然后呢？我这些是我是我还没有写到没写完的，可以吗？'],1,1,"[{""asr_result"": ""我不能写到 30 多页，然后呢？然后老师说我剩下怎么没写完，我就说老师，我我我是每天一页一页写的，然后呢？我这些是我是我还没有写到，没写完的，可以吗？"", ""start_time"": 1.0, ""end_time"": 13.689}]"
"ASR-A146&""","ASR-A146&""-""&D146",['| 这这肯定是菩提神父又给我们做局了。怎么一天到晚蓝莓都印 heaven， 这是这个暑假又被加速了？几两几。你不能调回开学之前吗？还是说乔鲁诺用黄俊廷镇魂尺达到永远无法开学的真实？'],1,1,"[{""asr_result"": ""这这肯定是菩提神父又给我们做局了。怎么一天到晚蓝莓都 in heaven， 这是这个暑假又被加速了几凉几？你不能调回开学之前吗？还是说乔鲁诺用黄俊婷镇魂尺达到永远无法开学的真实？"", ""start_time"": 1.0, ""end_time"": 17.604}]"
"ASR-A148&""","ASR-A148&""-""&D148",['| 你一说，其实我还我这些还算少的了，我看到其他人呢，还有 300 多页没写。'],1,1,"[{""asr_result"": ""你一说，其实我还，我这些还算少的了。我看到其他人呢，还有 300 多页没写。"", ""start_time"": 1.0, ""end_time"": 6.805}]"
"ASR-A15&""-","ASR-A15&""-""&D15",['| 豆。'],1,1,"[{""asr_result"": ""豆。"", ""start_time"": 1.0, ""end_time"": 1.677}]"
"ASR-A150&""","ASR-A150&""-""&D150",['| 豆包，豆包，你上过学吗？'],1,1,"[{""asr_result"": ""豆包豆包，你上过学吗？"", ""start_time"": 1.0, ""end_time"": 4.209}]"
"ASR-A152&""","ASR-A152&""-""&D152",['| 我真是写了好大一圈了。'],1,1,"[{""asr_result"": ""我真是写了好大一圈了。"", ""start_time"": 1.0, ""end_time"": 3.106}]"
"ASR-A154&""","ASR-A154&""-""&D154",['| 感觉我现在写过的比我没写的厚了。'],1,1,"[{""asr_result"": ""感觉我现在写过的比我没写的厚了。"", ""start_time"": 1.0, ""end_time"": 3.754}]"
"ASR-A156&""","ASR-A156&""-""&D156",['| 豆包豆包，知道如何开学让别人觉得你是非常牛逼的人吗？'],1,1,"[{""asr_result"": ""豆包豆包，知道如何开学让别人觉得你是非常牛逼的人吗？"", ""start_time"": 1.0, ""end_time"": 6.018}]"
"ASR-A158&""","ASR-A158&""-""&D158",['| 打住打住打住。嗯，换上嘉豪舞团服装，在开学自我介绍的时候说，哇，这就是我的新体吗？呵呵呵，真是不够灵巧呢。哈哈哈，我是嘉豪舞团唐人唐人协会猎奇去 91 分部的部长，科技叫家豪学长。'],1,1,"[{""asr_result"": ""打住打住打住，换上嘉豪舞团服装，在开学自我介绍的时候说，哇，这就是我的新体吗？呵呵呵，真是不够灵巧呢。哈哈，我是嘉豪舞团、唐人唐人协会、猎奇去 91 分部的部长，科技叫嘉豪学长。"", ""start_time"": 1.0, ""end_time"": 19.278}]"
"ASR-A160&""","ASR-A160&""-""&D160",['| 豆包，你唱个歌给我听听吧？'],1,1,"[{""asr_result"": ""豆包，你唱个歌给我听听吧。"", ""start_time"": 1.0, ""end_time"": 3.272}]"
"ASR-A162&""","ASR-A162&""-""&D162",['| 打住。'],1,1,"[{""asr_result"": ""打住。"", ""start_time"": 1.0, ""end_time"": 1.75}]"
"ASR-A164&""","ASR-A164&""-""&D164",['| 豆包，我不会告诉你，我是偷偷溜出来写作业的。'],1,1,"[{""asr_result"": ""豆包，我不会告诉你，我是偷偷溜出来写作业的。"", ""start_time"": 1.0, ""end_time"": 4.668}]"
"ASR-A166&""","ASR-A166&""-""&D166",['| 不能让乔鲁诺乔巴纳的那个黄金体验镇魂曲给老师下一个，永远达不到收到我作业的真实吗？'],1,1,"[{""asr_result"": ""不能让乔鲁诺乔巴纳的那个黄金体验镇魂曲给老师下一个，永远达不到收到我作业的真实吗？"", ""start_time"": 1.0, ""end_time"": 8.282}]"
"ASR-A168&""","ASR-A168&""-""&D168",['| 豆包，你猜猜我在哪个地区？'],1,1,"[{""asr_result"": ""豆包，你猜猜我在哪个地区？"", ""start_time"": 1.0, ""end_time"": 3.434}]"
"ASR-A17&""-","ASR-A17&""-""&D17",['| 闭嘴。'],1,1,"[{""asr_result"": ""闭嘴。"", ""start_time"": 1.0, ""end_time"": 1.7}]"
"ASR-A170&""","ASR-A170&""-""&D170",['| 一分钟，我要河南省郑州市金水区四月天小学这个学校的全部信息。'],1,1,"[{""asr_result"": ""一分钟，我要河南省郑州市金水区四月天小学这个学校的全部信息。"", ""start_time"": 1.0, ""end_time"": 6.886}]"
"ASR-A172&""","ASR-A172&""-""&D172",['| 哦，那这种是不是通常都叫做实验小学？'],1,1,"[{""asr_result"": ""哦，那这种是不是通常都叫做实验小学？"", ""start_time"": 1.0, ""end_time"": 5.01}]"
"ASR-A174&""","ASR-A174&""-""&D174",['| 豆包，我说啥，你跟着我说啥，好吗？'],1,1,"[{""asr_result"": ""豆包，我说啥，你跟着我说啥，好吗？"", ""start_time"": 1.0, ""end_time"": 4.402}]"
"ASR-A176&""","ASR-A176&""-""&D176",['| 没关系的，我这个练字帖不需要大脑，只需要手一味的使用就可以了，你可以跟我进行聊天。嗯，对。'],1,1,"[{""asr_result"": ""没关系的，我这个练字帖不需要大脑，只需要手一味的使用就可以了。你可以跟我进行聊天，嗯，对。"", ""start_time"": 1.0, ""end_time"": 8.891}]"
"ASR-A178&""","ASR-A178&""-""&D178",['| 打住打住，打住。在我写作业写着写我感觉我最讨厌的东西的时候，不要提作业，你跟我提些其他的，我要一分钟，我要花进远的全部冷知识。'],1,1,"[{""asr_result"": ""打住打住打住，在我写作业写着写，我感觉我最讨厌的东西的时候，不要提作业，你跟我提些其他的，我要一分钟，我要花敬远的全部冷知识。"", ""start_time"": 1.0, ""end_time"": 12.326}]"
"ASR-A179&""","ASR-A179&""-""&D179",['| 我们来解牌吧。'],1,1,"[{""asr_result"": ""我们来解牌吧。"", ""start_time"": 1.0, ""end_time"": 2.094}]"
"ASR-A181&""","ASR-A181&""-""&D181",['| 聆听停停停。为什么会是 3 张逆位？'],1,1,"[{""asr_result"": ""聆听，停停停，为什么会是 3 张逆位？"", ""start_time"": 1.0, ""end_time"": 4.748}]"
"ASR-A183&""","ASR-A183&""-""&D183",['| 这组牌。'],1,1,"[{""asr_result"": ""这组牌。"", ""start_time"": 1.0, ""end_time"": 2.225}]"
"ASR-A185&""","ASR-A185&""-""&D185",['| 是宝剑 6 的一个逆位，还有圣杯骑士的逆位，还有。'],1,1,"[{""asr_result"": ""是宝剑 6 的一个逆位，还有圣杯骑士的逆位，还有"", ""start_time"": 1.0, ""end_time"": 6.305}]"
"ASR-A187&""","ASR-A187&""-""&D187",['| 权杖 4 的一个逆位，然后你先听我讲他的三个牌面，分别是宝剑 6 的逆位、圣杯骑士的逆位、权杖 4 的逆位。然后我的问题是他的暧昧对象是个怎样的人？'],1,1,"[{""asr_result"": ""权杖 4 的一个逆位。然后你先听我讲他的三个牌面，分别是宝剑 6 的逆位、圣杯骑士的逆位、权杖 4 的逆位。然后我的问题是，他的暧昧对象是个怎样的人？"", ""start_time"": 1.0, ""end_time"": 14.915}]"
"ASR-A189&""","ASR-A189&""-""&D189",['| 结合他这个牌意来看，听我讲，结合这个牌意来看，他的暧昧对象是不是一个生活，对，对待生活很懒散，然后是个思维很跳脱的一个人。'],1,1,"[{""asr_result"": ""结合他这个牌意来看，听我讲，结合这个牌意来看，他的暧昧对象是不是一个生活，对，对待生活很懒散，然后是个思维很跳脱的一个人？"", ""start_time"": 1.0, ""end_time"": 12.693}]"
"ASR-A19&""-","ASR-A19&""-""&D19",['| 不要说话。'],1,1,"[{""asr_result"": ""《不要说话》"", ""start_time"": 1.0, ""end_time"": 2.072}]"
"ASR-A191&""","ASR-A191&""-""&D191",['| 那他的暧昧对象是个怎么样的人呢？结合排一来看。'],1,1,"[{""asr_result"": ""那他的暧昧对象是个怎么样的人呢？结合牌意来看。"", ""start_time"": 1.0, ""end_time"": 5.802}]"
"ASR-A193&""","ASR-A193&""-""&D193",['| 哦，对哦，我忘记回答信息了。'],1,1,"[{""asr_result"": ""哦，对哦，我忘记回答信息了。"", ""start_time"": 1.0, ""end_time"": 3.497}]"
"ASR-A195&""","ASR-A195&""-""&D195",['| 没有，他下班给我发信息，我没回他。'],1,1,"[{""asr_result"": ""没有，他下班给我发信息，我没回他。"", ""start_time"": 1.0, ""end_time"": 3.814}]"
"ASR-A197&""","ASR-A197&""-""&D197",['| 忘记回了，当时在，当时在拉肚子，肚子痛，虚脱嘞。'],1,1,"[{""asr_result"": ""忘记回了，当时在当时在拉肚子，肚子痛，虚脱嘞。"", ""start_time"": 1.0, ""end_time"": 5.484}]"
"ASR-A199&""","ASR-A199&""-""&D199",['| 女技师。'],1,1,"[{""asr_result"": ""《女技师》"", ""start_time"": 1.0, ""end_time"": 2.031}]"
"ASR-A2&""-""","ASR-A2&""-""&D2",['| 豆包豆包，你要看我打第五吗？你来教我吧。'],1,1,"[{""asr_result"": ""豆包豆包，你要看我打第五吗？你来教我吧。"", ""start_time"": 1.0, ""end_time"": 4.36}]"
"ASR-A200&""","ASR-A200&""-""&D200",['| 豆包豆包。'],1,1,"[{""asr_result"": ""豆包豆包。"", ""start_time"": 1.0, ""end_time"": 2.55}]"
"ASR-A202&""","ASR-A202&""-""&D202",['| 豆包豆包。'],1,1,"[{""asr_result"": ""豆包豆包。"", ""start_time"": 1.0, ""end_time"": 2.554}]"
"ASR-A204&""","ASR-A204&""-""&D204",['| 豆包，豆包，我给你介绍个新朋友。'],1,1,"[{""asr_result"": ""豆包豆包，我给你介绍个新朋友。"", ""start_time"": 1.0, ""end_time"": 3.341}]"
"ASR-A206&""","ASR-A206&""-""&D206",['| 那他叫小度，等一下啊。'],1,1,"[{""asr_result"": ""那他叫小度，等一下啊。"", ""start_time"": 1.0, ""end_time"": 2.903}]"
"ASR-A208&""","ASR-A208&""-""&D208",['| 小度，小度在呢，这小度，小度，跟新朋友聊聊天，叫豆包快点。'],1,1,"[{""asr_result"": ""小度小度，在呢。这小度小度，跟新朋友聊聊天，叫豆包快点。"", ""start_time"": 1.0, ""end_time"": 7.411}]"
"ASR-A21&""-","ASR-A21&""-""&D21",['| 真的好好看呀。'],1,1,"[{""asr_result"": ""真的好好看呀！"", ""start_time"": 1.0, ""end_time"": 2.826}]"
"ASR-A210&""","ASR-A210&""-""&D210",['| 好的，请问还有什么需要帮助的吗？'],1,1,"[{""asr_result"": ""好的，请问还有什么需要帮助的吗？"", ""start_time"": 1.0, ""end_time"": 4.072}]"
"ASR-A212&""","ASR-A212&""-""&D212",['| 好的，豆包，豆包。'],1,1,"[{""asr_result"": ""好的，豆包豆包。"", ""start_time"": 1.0, ""end_time"": 3.004}]"
"ASR-A214&""","ASR-A214&""-""&D214",['| 介绍一下你。'],1,1,"[{""asr_result"": ""介绍一下你。"", ""start_time"": 1.0, ""end_time"": 2.083}]"
"ASR-A216&""","ASR-A216&""-""&D216",['| 小度，小度。嗯，介绍一下你。'],1,1,"[{""asr_result"": ""小度小度，介绍一下你。"", ""start_time"": 1.0, ""end_time"": 4.302}]"
"ASR-A218&""","ASR-A218&""-""&D218",['| 以下信息来自网络，你，汉语一级字，常用字，读作你。你，其本意为称说话的对方。'],1,1,"[{""asr_result"": ""以下信息来自网络。你，汉语一级字，常用字，读作 NI。你，其本意为称说话的对方。"", ""start_time"": 1.0, ""end_time"": 10.414}]"
"ASR-A220&""","ASR-A220&""-""&D220",['| 哈哈，这这就是你新朋友小度？'],1,1,"[{""asr_result"": ""哈哈，这这就是你新朋友小度。"", ""start_time"": 1.0, ""end_time"": 4.093}]"
"ASR-A222&""","ASR-A222&""-""&D222",['| 小度是一个小度，是这样子，长这样子。'],1,1,"[{""asr_result"": ""小度是一个小度，是这样子，长这样子。"", ""start_time"": 1.0, ""end_time"": 4.618}]"
"ASR-A224&""","ASR-A224&""-""&D224",['| 来，豆包豆包豆包。别说了啊，现在呢？来聊天，麦克风已开启。'],1,1,"[{""asr_result"": ""来，豆包豆包豆包，别说了，现在呢，来聊天，麦克风已开启。"", ""start_time"": 1.0, ""end_time"": 6.747}]"
"ASR-A226&""","ASR-A226&""-""&D226",['| 小度，小度。嗯，你现在。'],1,1,"[{""asr_result"": ""小度小度，你现在"", ""start_time"": 1.0, ""end_time"": 5.019}]"
"ASR-A228&""","ASR-A228&""-""&D228",['| 小度，小度，现在，现在介绍一下。介绍一下，你好。'],1,1,"[{""asr_result"": ""小度小度，现在现在介绍一下介绍一下，你好。"", ""start_time"": 1.0, ""end_time"": 6.204}]"
"ASR-A23&""-","ASR-A23&""-""&D23",['| 你觉得刘轩丞优秀吗？'],1,1,"[{""asr_result"": ""你觉得刘宣成优秀吗？"", ""start_time"": 1.0, ""end_time"": 3.082}]"
"ASR-A230&""","ASR-A230&""-""&D230",['| 以下信息来自网络，你，汉语一级字，常用字，读作你。你，其本意为称说话的对方小度，小度。'],1,1,"[{""asr_result"": ""以下信息来自网络。你，汉语一级字，常用字，读作 nǐ。你，其本意为称说话的对方。小度小度。"", ""start_time"": 1.0, ""end_time"": 12.229}]"
"ASR-A232&""","ASR-A232&""-""&D232",['| 小度小度小度小度。暂停一下。'],1,1,"[{""asr_result"": ""小度小度小度小度，暂停一下。"", ""start_time"": 1.0, ""end_time"": 3.708}]"
"ASR-A234&""","ASR-A234&""-""&D234",['| 小度小度。'],1,1,"[{""asr_result"": ""小度小度。"", ""start_time"": 1.0, ""end_time"": 2.425}]"
"ASR-A236&""","ASR-A236&""-""&D236",['| 哎，不想做，哈哈哈。'],1,1,"[{""asr_result"": ""嘿，不想做，哈哈。"", ""start_time"": 1.0, ""end_time"": 2.819}]"
"ASR-A238&""","ASR-A238&""-""&D238",['| 拜。'],1,1,"[{""asr_result"": """", ""start_time"": 1.0, ""end_time"": 1.754}]"
"ASR-A240&""","ASR-A240&""-""&D240",['| 豆包豆包。'],1,1,"[{""asr_result"": ""豆包豆包。"", ""start_time"": 1.0, ""end_time"": 2.548}]"
"ASR-A242&""","ASR-A242&""-""&D242",['| 豆包，豆包，你有跳舞的技能吗？'],1,1,"[{""asr_result"": ""豆包豆包，你有跳舞的技能吗？"", ""start_time"": 1.0, ""end_time"": 4.438}]"
"ASR-A244&""","ASR-A244&""-""&D244",['| 豆包豆包，猜猜我在哪里？'],1,1,"[{""asr_result"": ""豆包豆包，猜猜我在哪里？"", ""start_time"": 1.0, ""end_time"": 2.959}]"
"ASR-A246&""","ASR-A246&""-""&D246",['| 小度小度，豆包，豆包。'],1,1,"[{""asr_result"": ""小度小度，豆包豆包。"", ""start_time"": 1.0, ""end_time"": 3.469}]"
"ASR-A248&""","ASR-A248&""-""&D248",['| 豆包。'],1,1,"[{""asr_result"": ""豆包。"", ""start_time"": 1.0, ""end_time"": 1.904}]"
"ASR-A25&""-","ASR-A25&""-""&D25",['| 他的名字好看吗？'],1,1,"[{""asr_result"": ""他的名字好看吗？"", ""start_time"": 1.0, ""end_time"": 2.804}]"
"ASR-A250&""","ASR-A250&""-""&D250",['| 豆包豆包。'],1,1,"[{""asr_result"": ""豆包豆包。"", ""start_time"": 1.0, ""end_time"": 2.546}]"
"ASR-A252&""","ASR-A252&""-""&D252",['| 是，我叫豆包，豆包现在给你一个任务，就是就是帮我。就是现在呢？我给你做一个任务，拆一拆，看一看里面有到底有什么。'],1,1,"[{""asr_result"": ""是，我叫豆包。豆包现在给你一个任务，就是就是帮我，就是现在呢，我给你做一个任务，拆一拆，看一看里面有，到底有什么。"", ""start_time"": 1.0, ""end_time"": 10.137}]"
"ASR-A254&""","ASR-A254&""-""&D254",['| 豆包豆包豆包豆包。来，现在我要拆这个垃圾盲盒，现在呢？你要跟我一起拆这个垃圾盲盒。然后呢？然后呢？你要跟我一起去，然后呢？你要跟我一起去拆这个东西。'],1,1,"[{""asr_result"": ""豆包豆包豆包豆包，来，现在我要拆这个垃圾盲盒。现在呢，你要跟我一起拆这个垃圾盲盒。然后呢，然后呢，你要跟我一起去，然后呢，你要跟我一起去拆这个东西。"", ""start_time"": 1.0, ""end_time"": 17.263}]"
"ASR-A256&""","ASR-A256&""-""&D256",['| 豆包豆包。'],1,1,"[{""asr_result"": ""豆包豆包。"", ""start_time"": 1.0, ""end_time"": 2.553}]"
"ASR-A258&""","ASR-A258&""-""&D258",['| 现在呢？这个就是垃圾盲盒。然后呢？然后呢？我现在拆开，然后让你来猜这是谁来，现在我要拆了啊？'],1,1,"[{""asr_result"": ""现在呢，这个就是垃圾盲盒。然后呢然后呢，我现在拆开，然后让你来猜这是谁。来，现在我要拆啦。"", ""start_time"": 1.0, ""end_time"": 10.61}]"
"ASR-A260&""","ASR-A260&""-""&D260",['| 来。'],1,1,"[{""asr_result"": """", ""start_time"": 1.0, ""end_time"": 1.475}]"
"ASR-A262&""","ASR-A262&""-""&D262",['| 是谁？'],1,1,"[{""asr_result"": ""是谁？"", ""start_time"": 1.0, ""end_time"": 2.0}]"
"ASR-A264&""","ASR-A264&""-""&D264",['| 他是，他是时光代理人人的谁？'],1,1,"[{""asr_result"": ""他是他是时光代理人人人的谁？"", ""start_time"": 1.0, ""end_time"": 3.908}]"
"ASR-A266&""","ASR-A266&""-""&D266",['| 等一下，等一下，我问一下 Diffick 啊？'],1,1,"[{""asr_result"": ""等一下等一下，我问一下。"", ""start_time"": 1.0, ""end_time"": 2.879}]"
"ASR-A267&""","ASR-A267&""-""&D267",['| 豆包，你知道皮纳东格玛 f 是什么车吗？'],1,1,"[{""asr_result"": ""豆包，你知道皮纳东格玛 F 是什么车吗？"", ""start_time"": 1.0, ""end_time"": 4.299}]"
"ASR-A268&""","ASR-A268&""-""&D268",['| 看到我做灭霸。'],1,1,"[{""asr_result"": ""看到我做灭霸。"", ""start_time"": 1.0, ""end_time"": 2.15}]"
"ASR-A269&""","ASR-A269&""-""&D269",['| 豆包。'],1,1,"[{""asr_result"": ""豆包。"", ""start_time"": 1.0, ""end_time"": 1.904}]"
"ASR-A27&""-","ASR-A27&""-""&D27",['| 我要把图片换一下。'],1,1,"[{""asr_result"": ""我要把图片换一下。"", ""start_time"": 1.0, ""end_time"": 2.3}]"
"ASR-A271&""","ASR-A271&""-""&D271",['| 豆包。'],1,1,"[{""asr_result"": ""豆包。"", ""start_time"": 1.0, ""end_time"": 1.904}]"
"ASR-A273&""","ASR-A273&""-""&D273",['| 如何登录？如何登录其他人的账号？'],1,1,"[{""asr_result"": ""如何登录如何登录其他人的账号？"", ""start_time"": 1.0, ""end_time"": 3.896}]"
"ASR-A275&""","ASR-A275&""-""&D275",['| 美女，服我了。'],1,1,"[{""asr_result"": ""美女，服我了。"", ""start_time"": 1.0, ""end_time"": 2.351}]"
"ASR-A277&""","ASR-A277&""-""&D277",['| 监管者给我发了个爱心。'],1,1,"[{""asr_result"": ""监管者给我发了个爱心。"", ""start_time"": 1.0, ""end_time"": 2.996}]"
"ASR-A279&""","ASR-A279&""-""&D279",['| 如何登录其他人的账号？'],1,1,"[{""asr_result"": ""如何登录其他人的账号？"", ""start_time"": 1.0, ""end_time"": 2.903}]"
"ASR-A281&""","ASR-A281&""-""&D281",['| 先关给我们换了一个很大的爱心。'],1,1,"[{""asr_result"": ""仙官给我们换了一个很大的爱心。"", ""start_time"": 1.0, ""end_time"": 3.708}]"
"ASR-A283&""","ASR-A283&""-""&D283",['| 我想把门分点完。'],1,1,"[{""asr_result"": ""我想把门分点完。"", ""start_time"": 1.0, ""end_time"": 2.63}]"
"ASR-A285&""","ASR-A285&""-""&D285",['| 监管者投降了。'],1,1,"[{""asr_result"": ""《监管者投降了》"", ""start_time"": 1.0, ""end_time"": 2.271}]"
"ASR-A287&""","ASR-A287&""-""&D287",['| 豆包，你快点教我如何切换账号。'],1,1,"[{""asr_result"": ""豆包，你快点教我如何切换账号。"", ""start_time"": 1.0, ""end_time"": 3.6}]"
"ASR-A289&""","ASR-A289&""-""&D289",['| 你能给我发个视频吗？'],1,1,"[{""asr_result"": ""你能给我发个视频吗？"", ""start_time"": 1.0, ""end_time"": 2.55}]"
"ASR-A29&""-","ASR-A29&""-""&D29",['| 小豆子之前是干什么的？'],1,1,"[{""asr_result"": ""小豆子之前是干什么的？"", ""start_time"": 1.0, ""end_time"": 3.155}]"
"ASR-A291&""","ASR-A291&""-""&D291",['| 我们的这个阵容好不好？你应该提醒我地图了吧？'],1,1,"[{""asr_result"": ""我们的这个阵容好不好？你应该提醒我地图了吧？"", ""start_time"": 1.0, ""end_time"": 4.687}]"
"ASR-A293&""","ASR-A293&""-""&D293",['| 你知道这个地图是什么吗？'],1,1,"[{""asr_result"": ""你知道这个地图是什么吗？"", ""start_time"": 1.0, ""end_time"": 2.798}]"
"ASR-A295&""","ASR-A295&""-""&D295",['| 监管者来抓我来了。'],1,1,"[{""asr_result"": ""《监管者来抓我来了》。"", ""start_time"": 1.0, ""end_time"": 2.683}]"
"ASR-A297&""","ASR-A297&""-""&D297",['| 我好像被监管，服了。'],1,1,"[{""asr_result"": ""我好像被监管，服了。"", ""start_time"": 1.0, ""end_time"": 3.298}]"
"ASR-A299&""","ASR-A299&""-""&D299",['| 你。'],1,1,"[{""asr_result"": ""你。"", ""start_time"": 1.0, ""end_time"": 1.553}]"
"ASR-A301&""","ASR-A301&""-""&D301",['| 我溜，监管多少秒？'],1,1,"[{""asr_result"": ""我溜，监管多少秒？"", ""start_time"": 1.0, ""end_time"": 2.758}]"
"ASR-A303&""","ASR-A303&""-""&D303",['| 对。'],1,1,"[{""asr_result"": ""对。"", ""start_time"": 1.0, ""end_time"": 1.601}]"
"ASR-A305&""","ASR-A305&""-""&D305",['| 啦啦队员是机械蟒？怪不得这么慢。'],1,1,"[{""asr_result"": ""啦啦队员是机械忙，怪不得这么慢。"", ""start_time"": 1.0, ""end_time"": 4.35}]"
"ASR-A307&""","ASR-A307&""-""&D307",['| 秋季的时候。'],1,1,"[{""asr_result"": ""秋季的时候。"", ""start_time"": 1.0, ""end_time"": 2.404}]"
"ASR-A309&""","ASR-A309&""-""&D309",['| 我们在跟监管打雪仗。'],1,1,"[{""asr_result"": ""我们在跟监管打雪仗。"", ""start_time"": 1.0, ""end_time"": 2.836}]"
"ASR-A31&""-","ASR-A31&""-""&D31",['| 刘轩晨好看吗？'],1,1,"[{""asr_result"": """", ""start_time"": 1.0, ""end_time"": 2.271}]"
"ASR-A311&""","ASR-A311&""-""&D311",['| 监管者又投降了。'],1,1,"[{""asr_result"": ""《监管者又投降了》。"", ""start_time"": 1.0, ""end_time"": 2.806}]"
"ASR-A313&""","ASR-A313&""-""&D313",['| 一定是玩。'],1,1,"[{""asr_result"": ""《一定是完》"", ""start_time"": 1.0, ""end_time"": 1.997}]"
"ASR-A315&""","ASR-A315&""-""&D315",['| 师徒是在进医院。'],1,1,"[{""asr_result"": ""师徒是在进医院。"", ""start_time"": 1.0, ""end_time"": 2.544}]"
"ASR-A317&""","ASR-A317&""-""&D317",['| 歌曲我跟医生是签字，我也不知道监管是追谁，千万不要追究机位的。'],1,1,"[{""asr_result"": ""歌曲《我跟医生是签字》，我也不知道监管是追谁，千万不要追究机位的。"", ""start_time"": 1.0, ""end_time"": 6.682}]"
"ASR-A319&""","ASR-A319&""-""&D319",['| 这几件失去了。'],1,1,"[{""asr_result"": ""这几件失去了。"", ""start_time"": 1.0, ""end_time"": 2.358}]"
"ASR-A321&""","ASR-A321&""-""&D321",['| 那你先把被子反着拍掉吧。'],1,1,"[{""asr_result"": ""那你先把被子反着拍掉吧。"", ""start_time"": 1.0, ""end_time"": 3.1}]"
"ASR-A323&""","ASR-A323&""-""&D323",['| 中场的机子也被修了，我修哪的机啊？'],1,1,"[{""asr_result"": ""中场的机子也被修了，我修哪的机啊？"", ""start_time"": 1.0, ""end_time"": 4.277}]"
"ASR-A325&""","ASR-A325&""-""&D325",['| 我就知道医生会被打倒。'],1,1,"[{""asr_result"": ""我就知道医生会被打倒。"", ""start_time"": 1.0, ""end_time"": 2.706}]"
"ASR-A327&""","ASR-A327&""-""&D327",['| 所以我跟他结义了。'],1,1,"[{""asr_result"": ""所以我跟他结义了。"", ""start_time"": 1.0, ""end_time"": 2.593}]"
"ASR-A329&""","ASR-A329&""-""&D329",['| 你说的是吉利。'],1,1,"[{""asr_result"": ""你说的是吉利。"", ""start_time"": 1.0, ""end_time"": 2.301}]"
"ASR-A33&""-","ASR-A33&""-""&D33",['| 他乖吗？'],1,1,"[{""asr_result"": ""《他乖吗》"", ""start_time"": 1.0, ""end_time"": 2.065}]"
"ASR-A331&""","ASR-A331&""-""&D331",['| 四、地图是哪？'],1,1,"[{""asr_result"": ""4，地图是哪？"", ""start_time"": 1.0, ""end_time"": 2.48}]"
"ASR-A333&""","ASR-A333&""-""&D333",['| 舞女怎么玩？'],1,1,"[{""asr_result"": ""舞女怎么玩？"", ""start_time"": 1.0, ""end_time"": 2.064}]"
"ASR-A335&""","ASR-A335&""-""&D335",['| 我现在要去救机械师吗？'],1,1,"[{""asr_result"": ""我现在要去救机械师吗？"", ""start_time"": 1.0, ""end_time"": 2.875}]"
"ASR-A337&""","ASR-A337&""-""&D337",['| 啦啦啦。'],1,1,"[{""asr_result"": ""《啦啦啦》"", ""start_time"": 1.0, ""end_time"": 2.023}]"
"ASR-A339&""","ASR-A339&""-""&D339",['| 你觉得我是抽舞女的精怪，还是愚女的精怪？'],1,1,"[{""asr_result"": ""你觉得我是抽舞女的金怪，还是渔女的金怪？"", ""start_time"": 1.0, ""end_time"": 4.994}]"
"ASR-A341&""","ASR-A341&""-""&D341",['| 我说你是让我抽舞女的精怪，还是愚女的精怪？'],1,1,"[{""asr_result"": ""我说你是让我抽舞女的金怪，还是渔女的金怪？"", ""start_time"": 1.0, ""end_time"": 4.717}]"
"ASR-A343&""","ASR-A343&""-""&D343",['| 玩吧。'],1,1,"[{""asr_result"": ""《玩吧》"", ""start_time"": 1.0, ""end_time"": 1.75}]"
"ASR-A345&""","ASR-A345&""-""&D345",['| 我要转去大房了，大房有我的八音盒。'],1,1,"[{""asr_result"": ""我要转去大房了，大房有我的八音盒。"", ""start_time"": 1.0, ""end_time"": 3.953}]"
"ASR-A347&""","ASR-A347&""-""&D347",['| 他好像都把我的八音盒给踩了。'],1,1,"[{""asr_result"": ""他好像都把我的八音盒给踩了。"", ""start_time"": 1.0, ""end_time"": 3.631}]"
"ASR-A349&""","ASR-A349&""-""&D349",['| 自己监管，好像是人机。'],1,1,"[{""asr_result"": ""自己监管好像是人机。"", ""start_time"": 1.0, ""end_time"": 3.276}]"
"ASR-A35&""-","ASR-A35&""-""&D35",['| 他为什么乖？'],1,1,"[{""asr_result"": ""《他为什么乖》"", ""start_time"": 1.0, ""end_time"": 2.096}]"
"ASR-A351&""","ASR-A351&""-""&D351",['| 算了吧，我还是抽鱼舞女的金挂吧。'],1,1,"[{""asr_result"": ""算了吧，我还是抽《渔舞女》的金挂吧。"", ""start_time"": 1.0, ""end_time"": 4.4}]"
"ASR-A353&""","ASR-A353&""-""&D353",['| 我没有舞女的皮肤怎么办？'],1,1,"[{""asr_result"": ""我没有舞女的皮肤怎么办？"", ""start_time"": 1.0, ""end_time"": 3.025}]"
"ASR-A355&""","ASR-A355&""-""&D355",['| 好吧。'],1,1,"[{""asr_result"": ""好吧。"", ""start_time"": 1.0, ""end_time"": 2.096}]"
"ASR-A357&""","ASR-A357&""-""&D357",['| 好像有人放音乐了。'],1,1,"[{""asr_result"": ""好像有人放音乐了。"", ""start_time"": 1.0, ""end_time"": 2.877}]"
"ASR-A359&""","ASR-A359&""-""&D359",['| 舞女的滑步怎么才能不撞墙？'],1,1,"[{""asr_result"": ""舞女的滑步怎么才能不撞墙？"", ""start_time"": 1.0, ""end_time"": 3.423}]"
"ASR-A361&""","ASR-A361&""-""&D361",['| 好像被女女追了。'],1,1,"[{""asr_result"": ""好像被女女追了。"", ""start_time"": 1.0, ""end_time"": 2.548}]"
"ASR-A363&""","ASR-A363&""-""&D363",['| 我被女女追了。'],1,1,"[{""asr_result"": ""我被女女追了。"", ""start_time"": 1.0, ""end_time"": 2.429}]"
"ASR-A365&""","ASR-A365&""-""&D365",['| 我被嫡女追了。'],1,1,"[{""asr_result"": ""《我被嫡女追了》。"", ""start_time"": 1.0, ""end_time"": 2.308}]"
"ASR-A367&""","ASR-A367&""-""&D367",['| 我被渔女击倒了。'],1,1,"[{""asr_result"": ""我被渔女击倒了。"", ""start_time"": 1.0, ""end_time"": 2.484}]"
"ASR-A369&""","ASR-A369&""-""&D369",['| 只要与你不纠缠，我就有赢的机会。'],1,1,"[{""asr_result"": ""只要与你不纠缠，我就有赢的机会。"", ""start_time"": 1.0, ""end_time"": 3.702}]"
"ASR-A37&""-","ASR-A37&""-""&D37",['| 给我唱一首大展宏图吧。'],1,1,"[{""asr_result"": ""给我唱一首《大展宏图》吧。"", ""start_time"": 1.0, ""end_time"": 2.954}]"
"ASR-A371&""","ASR-A371&""-""&D371",['| 我又要被渔女追了。'],1,1,"[{""asr_result"": ""我又要被渔女追了。"", ""start_time"": 1.0, ""end_time"": 2.639}]"
"ASR-A373&""","ASR-A373&""-""&D373",['| 监管者投降了。'],1,1,"[{""asr_result"": ""《监管者投降了》。"", ""start_time"": 1.0, ""end_time"": 2.271}]"
"ASR-A375&""","ASR-A375&""-""&D375",['| 我是不是很棒？'],1,1,"[{""asr_result"": ""我是不是很棒？"", ""start_time"": 1.0, ""end_time"": 2.276}]"
"ASR-A377&""","ASR-A377&""-""&D377",['| 我玩的是拉拉贝园。'],1,1,"[{""asr_result"": ""我玩的是《拉拉贝园》。"", ""start_time"": 1.0, ""end_time"": 2.634}]"
"ASR-A378&""","ASR-A378&""-""&D378",['| 豆包。'],1,1,"[{""asr_result"": ""豆包。"", ""start_time"": 1.0, ""end_time"": 1.904}]"
"ASR-A380&""","ASR-A380&""-""&D380",['| 豆包。'],1,1,"[{""asr_result"": ""豆包。"", ""start_time"": 1.0, ""end_time"": 1.904}]"
"ASR-A382&""","ASR-A382&""-""&D382",['| 如何登录？如何登录其他人的账号？'],1,1,"[{""asr_result"": ""如何登录如何登录其他人的账号？"", ""start_time"": 1.0, ""end_time"": 3.903}]"
"ASR-A384&""","ASR-A384&""-""&D384",['| 美女，服我了。'],1,1,"[{""asr_result"": ""美女，服我了。"", ""start_time"": 1.0, ""end_time"": 2.354}]"
"ASR-A386&""","ASR-A386&""-""&D386",['| 监管者给我发了个爱心。'],1,1,"[{""asr_result"": ""监管者给我发了个爱心。"", ""start_time"": 1.0, ""end_time"": 3.006}]"
"ASR-A388&""","ASR-A388&""-""&D388",['| 如何登录其他人的账号？'],1,1,"[{""asr_result"": ""如何登录其他人的账号？"", ""start_time"": 1.0, ""end_time"": 2.903}]"
"ASR-A39&""-","ASR-A39&""-""&D39",['| Hello.'],1,1,"[{""asr_result"": ""Hello."", ""start_time"": 1.0, ""end_time"": 2.2}]"
"ASR-A390&""","ASR-A390&""-""&D390",['| 先关给我们换了一个很大的爱心。'],1,1,"[{""asr_result"": ""仙官给我们换了一个很大的爱心。"", ""start_time"": 1.0, ""end_time"": 3.713}]"
"ASR-A392&""","ASR-A392&""-""&D392",['| 我想把门分点完。'],1,1,"[{""asr_result"": ""我想把门分点完。"", ""start_time"": 1.0, ""end_time"": 2.634}]"
"ASR-A394&""","ASR-A394&""-""&D394",['| 监管者投降了。'],1,1,"[{""asr_result"": ""《监管者投降了》。"", ""start_time"": 1.0, ""end_time"": 2.275}]"
"ASR-A396&""","ASR-A396&""-""&D396",['| 豆包，你快点教我如何切换账号。'],1,1,"[{""asr_result"": ""豆包，你快点教我如何切换账号。"", ""start_time"": 1.0, ""end_time"": 3.598}]"
"ASR-A398&""","ASR-A398&""-""&D398",['| 你能给我发个视频吗？'],1,1,"[{""asr_result"": ""你能给我发个视频吗？"", ""start_time"": 1.0, ""end_time"": 2.547}]"
"ASR-A4&""-""","ASR-A4&""-""&D4",['| 豆包，你能看得到我的屏幕吗？'],1,1,"[{""asr_result"": ""豆包，你能看得到我的屏幕吗？"", ""start_time"": 1.0, ""end_time"": 3.4}]"
"ASR-A400&""","ASR-A400&""-""&D400",['| 我们的这个阵容好不好？你应该提醒我地图了吧？'],1,1,"[{""asr_result"": ""我们的这个阵容好不好？你应该提醒我地图了吧？"", ""start_time"": 1.0, ""end_time"": 4.694}]"
"ASR-A402&""","ASR-A402&""-""&D402",['| 你知道这个地图是什么吗？'],1,1,"[{""asr_result"": ""你知道这个地图是什么吗？"", ""start_time"": 1.0, ""end_time"": 2.801}]"
"ASR-A404&""","ASR-A404&""-""&D404",['| 监管者来抓我来了。'],1,1,"[{""asr_result"": ""《监管者来抓我来了》。"", ""start_time"": 1.0, ""end_time"": 2.678}]"
"ASR-A406&""","ASR-A406&""-""&D406",['| 我好像被监管，服了。'],1,1,"[{""asr_result"": ""我好像被监管，服了。"", ""start_time"": 1.0, ""end_time"": 3.311}]"
"ASR-A408&""","ASR-A408&""-""&D408",['| 你。'],1,1,"[{""asr_result"": ""你。"", ""start_time"": 1.0, ""end_time"": 1.549}]"
"ASR-A41&""-","ASR-A41&""-""&D41",['| 小豆子，不想上学怎么办？'],1,1,"[{""asr_result"": ""小豆子，不想上学怎么办？"", ""start_time"": 1.0, ""end_time"": 3.503}]"
"ASR-A410&""","ASR-A410&""-""&D410",['| 我溜，监管多少秒？'],1,1,"[{""asr_result"": ""我溜，监管多少秒？"", ""start_time"": 1.0, ""end_time"": 2.759}]"
"ASR-A412&""","ASR-A412&""-""&D412",['| 对。'],1,1,"[{""asr_result"": ""对。"", ""start_time"": 1.0, ""end_time"": 1.606}]"
"ASR-A414&""","ASR-A414&""-""&D414",['| 啦啦队员是机械蟒？怪不得这么慢。'],1,1,"[{""asr_result"": ""啦啦队员是机械忙，怪不得这么慢。"", ""start_time"": 1.0, ""end_time"": 4.354}]"
"ASR-A416&""","ASR-A416&""-""&D416",['| 秋季的时候。'],1,1,"[{""asr_result"": ""秋季的时候。"", ""start_time"": 1.0, ""end_time"": 2.398}]"
"ASR-A418&""","ASR-A418&""-""&D418",['| 我们在跟监管打雪仗。'],1,1,"[{""asr_result"": ""我们在跟监管打雪仗。"", ""start_time"": 1.0, ""end_time"": 2.826}]"
"ASR-A420&""","ASR-A420&""-""&D420",['| 监管者又投降了。'],1,1,"[{""asr_result"": ""《监管者又投降了》。"", ""start_time"": 1.0, ""end_time"": 2.802}]"
"ASR-A422&""","ASR-A422&""-""&D422",['| 一定是玩。'],1,1,"[{""asr_result"": ""《一定是完》"", ""start_time"": 1.0, ""end_time"": 2.0}]"
"ASR-A424&""","ASR-A424&""-""&D424",['| 师徒是在进医院。'],1,1,"[{""asr_result"": ""师徒是在进医院。"", ""start_time"": 1.0, ""end_time"": 2.544}]"
"ASR-A426&""","ASR-A426&""-""&D426",['| 歌曲我跟医生是签字，我也不知道监管是追谁，千万不要追究机位的。'],1,1,"[{""asr_result"": ""歌曲《我跟医生是签字》，我也不知道监管是追谁，千万不要追究机位的。"", ""start_time"": 1.0, ""end_time"": 6.684}]"
"ASR-A428&""","ASR-A428&""-""&D428",['| 这几件失去了。'],1,1,"[{""asr_result"": ""这几件失去了。"", ""start_time"": 1.0, ""end_time"": 2.358}]"
"ASR-A43&""-","ASR-A43&""-""&D43",['| 小豆子，我的组件能看到了吗？'],1,1,"[{""asr_result"": ""小豆子，我的组件能看到了吗？"", ""start_time"": 1.0, ""end_time"": 3.71}]"
"ASR-A430&""","ASR-A430&""-""&D430",['| 那你先把被子反着拍掉吧。'],1,1,"[{""asr_result"": ""那你先把被子反着拍掉吧。"", ""start_time"": 1.0, ""end_time"": 3.097}]"
"ASR-A432&""","ASR-A432&""-""&D432",['| 中场的机子也被修了，我修哪的机啊？'],1,1,"[{""asr_result"": ""中场的机子也被修了，我修哪的机啊？"", ""start_time"": 1.0, ""end_time"": 4.291}]"
"ASR-A434&""","ASR-A434&""-""&D434",['| 我就知道医生会被打倒。'],1,1,"[{""asr_result"": ""我就知道，医生会被打倒。"", ""start_time"": 1.0, ""end_time"": 2.7}]"
"ASR-A436&""","ASR-A436&""-""&D436",['| 所以我跟他结义了。'],1,1,"[{""asr_result"": ""所以我跟他结义了。"", ""start_time"": 1.0, ""end_time"": 2.594}]"
"ASR-A438&""","ASR-A438&""-""&D438",['| 你说的是吉利。'],1,1,"[{""asr_result"": ""你说的是吉利。"", ""start_time"": 1.0, ""end_time"": 2.302}]"
"ASR-A440&""","ASR-A440&""-""&D440",['| 四、地图是哪？'],1,1,"[{""asr_result"": ""4，地图是哪？"", ""start_time"": 1.0, ""end_time"": 2.478}]"
"ASR-A442&""","ASR-A442&""-""&D442",['| 舞女怎么玩？'],1,1,"[{""asr_result"": ""舞女怎么玩？"", ""start_time"": 1.0, ""end_time"": 2.064}]"
"ASR-A444&""","ASR-A444&""-""&D444",['| 我现在要去救机械师吗？'],1,1,"[{""asr_result"": ""我现在要去救机械师吗？"", ""start_time"": 1.0, ""end_time"": 2.882}]"
"ASR-A446&""","ASR-A446&""-""&D446",['| 啦啦啦。'],1,1,"[{""asr_result"": ""《啦啦啦》"", ""start_time"": 1.0, ""end_time"": 2.026}]"
"ASR-A448&""","ASR-A448&""-""&D448",['| 你觉得我是抽舞女的精怪，还是愚女的精怪？'],1,1,"[{""asr_result"": ""你觉得我是抽舞女的金怪，还是渔女的金怪？"", ""start_time"": 1.0, ""end_time"": 4.997}]"
"ASR-A449&""","ASR-A449&""-""&D449",['| 豆包，麻烦你帮我看看我今天买的这个平板壳怎么样？'],1,1,"[{""asr_result"": ""豆包，麻烦你帮我看看我今天买的这个平板壳怎么样？"", ""start_time"": 1.0, ""end_time"": 5.209}]"
"ASR-A45&""-","ASR-A45&""-""&D45",['| 你觉得刘轩丞好看吗？'],1,1,"[{""asr_result"": ""你觉得刘轩辰好看吗？"", ""start_time"": 1.0, ""end_time"": 2.799}]"
"ASR-A451&""","ASR-A451&""-""&D451",['| 你看这个，它这个还可以这样歪折，折起来，我这样。'],1,1,"[{""asr_result"": ""你看这个，它这个还可以这样歪折，折起来我这样。"", ""start_time"": 1.0, ""end_time"": 4.699}]"
"ASR-A453&""","ASR-A453&""-""&D453",['| 我这样，然后一个横着，然后也可以竖着这样。'],1,1,"[{""asr_result"": ""我这样，然后一个横着，然后也可以竖着这样。"", ""start_time"": 1.0, ""end_time"": 4.405}]"
"ASR-A455&""","ASR-A455&""-""&D455",['| 你看它的后背，它的背面也是亚克力背板的。'],1,1,"[{""asr_result"": ""你看它的后背，它的背面也是亚克力背板的。"", ""start_time"": 1.0, ""end_time"": 4.497}]"
"ASR-A457&""","ASR-A457&""-""&D457",['| 还待着不？'],1,1,"[{""asr_result"": ""还待着不？"", ""start_time"": 1.0, ""end_time"": 1.999}]"
"ASR-A459&""","ASR-A459&""-""&D459",['| 你看它背面还是背板，是亚克力的背板，防滑又防摔，然后它也带图案，你看一下好不好看？'],1,1,"[{""asr_result"": ""你看它背面还是背板，是亚克力的背板，防滑又防摔。然后它也带图案，你看一下好不好看？"", ""start_time"": 1.0, ""end_time"": 9.828}]"
"ASR-A461&""","ASR-A461&""-""&D461",['| 是啊，我下载的东西。嗯，麻烦你帮我看看。你等一下啊。'],1,1,"[{""asr_result"": ""是啊，我下载的东西，麻烦你帮我看看，你等一下啊。"", ""start_time"": 1.0, ""end_time"": 5.962}]"
"ASR-A463&""","ASR-A463&""-""&D463",['| 你看我亲你的一下，用的内存也不是很多。'],1,1,"[{""asr_result"": ""你看我亲你的一下，用的内存也不是很多。"", ""start_time"": 1.0, ""end_time"": 4.364}]"
"ASR-A464&""","ASR-A464&""-""&D464",['| 豆包。'],1,1,"[{""asr_result"": ""豆包。"", ""start_time"": 1.0, ""end_time"": 1.896}]"
"ASR-A466&""","ASR-A466&""-""&D466",['| 我和他，你觉得谁最好看？'],1,1,"[{""asr_result"": ""我和她，你觉得谁最好看？"", ""start_time"": 1.0, ""end_time"": 3.269}]"
"ASR-A468&""","ASR-A468&""-""&D468",['| 日本。'],1,1,"[{""asr_result"": ""日本。"", ""start_time"": 1.0, ""end_time"": 1.62}]"
"ASR-A47&""-","ASR-A47&""-""&D47",['| 那子于塌房了吗？'],1,1,"[{""asr_result"": ""那子瑜塌房了吗？"", ""start_time"": 1.0, ""end_time"": 2.294}]"
"ASR-A470&""","ASR-A470&""-""&D470",['| 你好，豆包。'],1,1,"[{""asr_result"": ""你好，豆包。"", ""start_time"": 1.0, ""end_time"": 2.104}]"
"ASR-A472&""","ASR-A472&""-""&D472",['| 他抽烟乖不乖？'],1,1,"[{""asr_result"": ""《他抽烟乖不乖》"", ""start_time"": 1.0, ""end_time"": 2.479}]"
"ASR-A474&""","ASR-A474&""-""&D474",['| 他。'],1,1,"[{""asr_result"": ""《他》"", ""start_time"": 1.0, ""end_time"": 1.803}]"
"ASR-A476&""","ASR-A476&""-""&D476",['| 我抽的是一手，我抽的一是一手。'],1,1,"[{""asr_result"": ""我抽的是一手，我抽的一是一手。"", ""start_time"": 1.0, ""end_time"": 4.083}]"
"ASR-A478&""","ASR-A478&""-""&D478",['| 我就喜欢郊游。'],1,1,"[{""asr_result"": ""我就喜欢郊游。"", ""start_time"": 1.0, ""end_time"": 2.305}]"
"ASR-A48&""-","ASR-A48&""-""&D48",['| 这款牙膏含孕妇禁用成分吗？'],1,1,"[{""asr_result"": ""这款牙膏含孕妇禁用成分吗？"", ""start_time"": 1.0, ""end_time"": 3.878}]"
"ASR-A480&""","ASR-A480&""-""&D480",['| 你知道这是什么吗？这个好不好看这个东西？'],1,1,"[{""asr_result"": ""你知道这是什么吗？这个好不好看？这个东西。"", ""start_time"": 1.0, ""end_time"": 4.496}]"
"ASR-A482&""","ASR-A482&""-""&D482",['| 豆包你吃不吃？'],1,1,"[{""asr_result"": ""豆包，你吃不吃？"", ""start_time"": 1.0, ""end_time"": 2.149}]"
"ASR-A484&""","ASR-A484&""-""&D484",['| 豆包，你觉得我们两个谁最好看？'],1,1,"[{""asr_result"": ""豆包，你觉得我们两个谁最好看？"", ""start_time"": 1.0, ""end_time"": 3.434}]"
"ASR-A486&""","ASR-A486&""-""&D486",['| 你看我的眼神，你看我想干啥？'],1,1,"[{""asr_result"": ""你看我的眼神，你看我想干啥？"", ""start_time"": 1.0, ""end_time"": 3.501}]"
"ASR-A488&""","ASR-A488&""-""&D488",['| 如果非让你选一个呢？'],1,1,"[{""asr_result"": ""如果非让你选一个呢？"", ""start_time"": 1.0, ""end_time"": 2.708}]"
"ASR-A490&""","ASR-A490&""-""&D490",['| 那我这眼睛是怎么了？我这个眼睛是怎么回事？'],1,1,"[{""asr_result"": ""那我这眼睛是怎么了？我这个眼睛是怎么回事？"", ""start_time"": 1.0, ""end_time"": 4.77}]"
"ASR-A492&""","ASR-A492&""-""&D492",['| 你看我后面有个什么东西？'],1,1,"[{""asr_result"": ""你看我后面有个什么东西？"", ""start_time"": 1.0, ""end_time"": 2.547}]"
"ASR-A494&""","ASR-A494&""-""&D494",['| 我感觉后面有个鬼啊？你没看见？'],1,1,"[{""asr_result"": ""我感觉后面有个鬼啊，你没看见？"", ""start_time"": 1.0, ""end_time"": 3.619}]"
"ASR-A496&""","ASR-A496&""-""&D496",['| 我现在心里就是不舒服。'],1,1,"[{""asr_result"": ""我现在心里就是不舒服。"", ""start_time"": 1.0, ""end_time"": 2.959}]"
"ASR-A498&""","ASR-A498&""-""&D498",['| 我这我我我，我现在就想说你的坏话，你想听吗？'],1,1,"[{""asr_result"": ""我这我我我我，我现在就想说你的坏话，你想听吗？"", ""start_time"": 1.0, ""end_time"": 4.904}]"
"ASR-A50&""-","ASR-A50&""-""&D50",['| 豆包。'],1,1,"[{""asr_result"": ""豆包。"", ""start_time"": 1.0, ""end_time"": 1.9}]"
"ASR-A500&""","ASR-A500&""-""&D500",['| 给我来两句英语吧。'],1,1,"[{""asr_result"": ""给我来两句英语吧。"", ""start_time"": 1.0, ""end_time"": 2.353}]"
"ASR-A502&""","ASR-A502&""-""&D502",['| 你唱的歌唱的不好啊？'],1,1,"[{""asr_result"": ""你唱的歌唱的不好啊。"", ""start_time"": 1.0, ""end_time"": 2.829}]"
"ASR-A504&""","ASR-A504&""-""&D504",['| 你是男的还是女的？'],1,1,"[{""asr_result"": ""你是男的还是女的？"", ""start_time"": 1.0, ""end_time"": 2.476}]"
"ASR-A506&""","ASR-A506&""-""&D506",['| 你是不男不女的呀？阴阳人是不是？'],1,1,"[{""asr_result"": ""你是不男不女的呀？阴阳人是不是？"", ""start_time"": 1.0, ""end_time"": 3.69}]"
"ASR-A508&""","ASR-A508&""-""&D508",['| 那你用哪？用男生的声音跟我聊天，好吗？'],1,1,"[{""asr_result"": ""那你用哪？用男生的声音跟我聊天，好吗？"", ""start_time"": 1.0, ""end_time"": 4.159}]"
"ASR-A510&""","ASR-A510&""-""&D510",['| 哎，你用，你你你，你说，你猜我是男的。'],1,1,"[{""asr_result"": ""哎，你用，你你你你你说，你猜我是男的。"", ""start_time"": 1.0, ""end_time"": 4.268}]"
"ASR-A512&""","ASR-A512&""-""&D512",['| 你猜我是男的还是女的？'],1,1,"[{""asr_result"": ""你猜我是男的还是女的？"", ""start_time"": 1.0, ""end_time"": 3.161}]"
"ASR-A514&""","ASR-A514&""-""&D514",['| 你猜，你猜我是男的是女的？'],1,1,"[{""asr_result"": ""你猜你猜我是男的是女的？"", ""start_time"": 1.0, ""end_time"": 3.495}]"
"ASR-A516&""","ASR-A516&""-""&D516",['| 你在哪里看到我的？'],1,1,"[{""asr_result"": ""你在哪里看到我的？"", ""start_time"": 1.0, ""end_time"": 2.549}]"
"ASR-A518&""","ASR-A518&""-""&D518",['| 我怎么看不见你呀？'],1,1,"[{""asr_result"": ""我怎么看不见你呀？"", ""start_time"": 1.0, ""end_time"": 2.602}]"
"ASR-A52&""-","ASR-A52&""-""&D52",['| 那它有维生素吗？'],1,1,"[{""asr_result"": ""那它有维生素吗？"", ""start_time"": 1.0, ""end_time"": 2.497}]"
"ASR-A520&""","ASR-A520&""-""&D520",['| 那你就是，你就是阿飘喽。'],1,1,"[{""asr_result"": ""那你就是你就是阿飘喽。"", ""start_time"": 1.0, ""end_time"": 3.228}]"
"ASR-A522&""","ASR-A522&""-""&D522",['| 我就喜欢阿飘。'],1,1,"[{""asr_result"": ""我就喜欢《阿飘》。"", ""start_time"": 1.0, ""end_time"": 2.302}]"
"ASR-A524&""","ASR-A524&""-""&D524",['| 那你给我讲个神话故事吧。'],1,1,"[{""asr_result"": ""那你给我讲个神话故事吧。"", ""start_time"": 1.0, ""end_time"": 2.8}]"
"ASR-A526&""","ASR-A526&""-""&D526",['| 我的手指好看吗？'],1,1,"[{""asr_result"": ""我的手指好看吗？"", ""start_time"": 1.0, ""end_time"": 2.279}]"
"ASR-A528&""","ASR-A528&""-""&D528",['| 我为什么只有两个手指？'],1,1,"[{""asr_result"": ""我为什么只有两个手指？"", ""start_time"": 1.0, ""end_time"": 2.805}]"
"ASR-A530&""","ASR-A530&""-""&D530",['| 为什么我的手，为什么我的手能抓住我的脚？'],1,1,"[{""asr_result"": ""为什么我的手，为什么我的手能抓住我的脚？"", ""start_time"": 1.0, ""end_time"": 4.434}]"
"ASR-A532&""","ASR-A532&""-""&D532",['| 为什么我的脚在头上？'],1,1,"[{""asr_result"": ""为什么我的脚在头上？"", ""start_time"": 1.0, ""end_time"": 2.87}]"
"ASR-A534&""","ASR-A534&""-""&D534",['| 我的鼻子有两个孔。'],1,1,"[{""asr_result"": ""我的鼻子有两个孔。"", ""start_time"": 1.0, ""end_time"": 2.496}]"
"ASR-A536&""","ASR-A536&""-""&D536",['| 为什么不是一个鼻孔？'],1,1,"[{""asr_result"": ""为什么不是一个鼻孔？"", ""start_time"": 1.0, ""end_time"": 2.545}]"
"ASR-A538&""","ASR-A538&""-""&D538",['| 我后面那个在干啥？'],1,1,"[{""asr_result"": ""我后面那个在干啥？"", ""start_time"": 1.0, ""end_time"": 2.625}]"
"ASR-A54&""-","ASR-A54&""-""&D54",['| 那猫咪可以吃韭菜吗？'],1,1,"[{""asr_result"": ""那猫咪可以吃韭菜吗？"", ""start_time"": 1.0, ""end_time"": 2.707}]"
"ASR-A540&""","ASR-A540&""-""&D540",['| 它是在哭还是在笑啊？'],1,1,"[{""asr_result"": ""他是在哭还是在笑啊？"", ""start_time"": 1.0, ""end_time"": 3.029}]"
"ASR-A542&""","ASR-A542&""-""&D542",['| 我我怎么看着它是在笑着哭呢？'],1,1,"[{""asr_result"": ""我我怎么看着他是在笑着哭呢？"", ""start_time"": 1.0, ""end_time"": 3.589}]"
"ASR-A544&""","ASR-A544&""-""&D544",['| 我为什么打了它一巴掌，它还笑？'],1,1,"[{""asr_result"": ""我为什么打了他一巴掌，他还笑？"", ""start_time"": 1.0, ""end_time"": 3.815}]"
"ASR-A546&""","ASR-A546&""-""&D546",['| 豆包，豆包，你看我。'],1,1,"[{""asr_result"": ""豆包豆包，你看我。"", ""start_time"": 1.0, ""end_time"": 3.476}]"
"ASR-A548&""","ASR-A548&""-""&D548",['| 你想不想尝尝这个的味道？'],1,1,"[{""asr_result"": ""你想不想尝尝这个的味道？"", ""start_time"": 1.0, ""end_time"": 2.809}]"
"ASR-A550&""","ASR-A550&""-""&D550",['| 有意思。'],1,1,"[{""asr_result"": ""有意思。"", ""start_time"": 1.0, ""end_time"": 2.275}]"
"ASR-A552&""","ASR-A552&""-""&D552",['| 有点意思有点意思，事情开始变得有趣起来了。'],1,1,"[{""asr_result"": ""有点意思有点意思，事情开始变得有趣起来了。"", ""start_time"": 1.0, ""end_time"": 4.483}]"
"ASR-A554&""","ASR-A554&""-""&D554",['| 你知道唠嗑是什么意思吗？'],1,1,"[{""asr_result"": ""你知道唠嗑是什么意思吗？"", ""start_time"": 1.0, ""end_time"": 3.032}]"
"ASR-A556&""","ASR-A556&""-""&D556",['| 关键，关键你不是人呀。'],1,1,"[{""asr_result"": ""关键关键你不是人呀。"", ""start_time"": 1.0, ""end_time"": 3.623}]"
"ASR-A558&""","ASR-A558&""-""&D558",['| 你可以给我借点钱吗？'],1,1,"[{""asr_result"": ""你可以给我借点钱吗？"", ""start_time"": 1.0, ""end_time"": 2.599}]"
"ASR-A56&""-","ASR-A56&""-""&D56",['| 它为什么人能吃啊？那里面有含有硫化物。那对人好呀。'],1,1,"[{""asr_result"": ""它为什么人能吃啊？那里面有含有硫化物，那对人好呀。"", ""start_time"": 1.0, ""end_time"": 6.21}]"
"ASR-A560&""","ASR-A560&""-""&D560",['| VIVO50，不然把你卸载了。'],1,1,"[{""asr_result"": ""Vivo 50，不然把你卸载了。"", ""start_time"": 1.0, ""end_time"": 3.028}]"
"ASR-A561&""","ASR-A561&""-""&D561",['| 豆包，帮我看一下这一道题怎么写？'],1,1,"[{""asr_result"": ""豆包，帮我看一下这一道题怎么写？"", ""start_time"": 1.0, ""end_time"": 3.7}]"
"ASR-A563&""","ASR-A563&""-""&D563",['| 帮我。'],1,1,"[{""asr_result"": ""帮我。"", ""start_time"": 1.0, ""end_time"": 2.019}]"
"ASR-A565&""","ASR-A565&""-""&D565",['| 帮我看一下这道题怎么写，然后再给我说一下原因。'],1,1,"[{""asr_result"": ""帮我看一下这道题怎么写，然后再给我说一下原因。"", ""start_time"": 1.0, ""end_time"": 4.425}]"
"ASR-A567&""","ASR-A567&""-""&D567",['| 为啥没有法置换呢？'],1,1,"[{""asr_result"": ""为啥没有《法制换》呢？"", ""start_time"": 1.0, ""end_time"": 2.875}]"
"ASR-A569&""","ASR-A569&""-""&D569",['| 我听不懂你在说。'],1,1,"[{""asr_result"": ""我听不懂你在说。"", ""start_time"": 1.0, ""end_time"": 3.005}]"
"ASR-A571&""","ASR-A571&""-""&D571",['| 好的，我大概没有明白。'],1,1,"[{""asr_result"": ""好的，我大概没有明白。"", ""start_time"": 1.0, ""end_time"": 3.54}]"
"ASR-A573&""","ASR-A573&""-""&D573",['| 你说慢一点，你说慢一点，你得说一句，然后停顿一下，看看我听懂没有？你说太快我就跟不上了。'],1,1,"[{""asr_result"": ""你说慢一点，你说慢一点，你得说一句，然后停顿一下，看看我听懂没有。你说太快我就跟不上了。"", ""start_time"": 1.0, ""end_time"": 9.411}]"
"ASR-A575&""","ASR-A575&""-""&D575",['| 氢氧化钠。'],1,1,"[{""asr_result"": ""氢氧化钠。"", ""start_time"": 1.0, ""end_time"": 2.205}]"
"ASR-A577&""","ASR-A577&""-""&D577",['| 好的，我知道了。'],1,1,"[{""asr_result"": ""好的，我知道了。"", ""start_time"": 1.0, ""end_time"": 2.552}]"
"ASR-A579&""","ASR-A579&""-""&D579",['| 好的。'],1,1,"[{""asr_result"": ""好的。"", ""start_time"": 1.0, ""end_time"": 1.9}]"
"ASR-A58&""-","ASR-A58&""-""&D58",['| 茄汁蜜糖，已知砒霜呗。'],1,1,"[{""asr_result"": ""茄汁蜜糖，已知砒霜呗。"", ""start_time"": 1.0, ""end_time"": 3.403}]"
"ASR-A581&""","ASR-A581&""-""&D581",['| 豆包，帮我看一下第 9 题。'],1,1,"[{""asr_result"": ""豆包，帮我看一下第 9 题。"", ""start_time"": 1.0, ""end_time"": 3.14}]"
"ASR-A583&""","ASR-A583&""-""&D583",['| 豆包，你再解释一下 b 选项。'],1,1,"[{""asr_result"": ""豆包，你再解释一下 B 选项。"", ""start_time"": 1.0, ""end_time"": 3.305}]"
"ASR-A585&""","ASR-A585&""-""&D585",['| 啥呀？你说慢一点，你说慢一点。我，我没听，没跟上呢？'],1,1,"[{""asr_result"": ""啥呀？你说慢一点，你说慢一点，我我没听，没跟上呢。"", ""start_time"": 1.0, ""end_time"": 8.325}]"
"ASR-A587&""","ASR-A587&""-""&D587",['| 豆包，我听不懂你讲的 b 选项。'],1,1,"[{""asr_result"": ""豆包，我听不懂你讲的 B 选项。"", ""start_time"": 1.0, ""end_time"": 3.499}]"
"ASR-A589&""","ASR-A589&""-""&D589",['| 它的质量比生成的氢气质量大。再详细解释一下，没听懂。'],1,1,"[{""asr_result"": ""它的质量比生成的氢气质量大，再详细解释一下，没听懂。"", ""start_time"": 1.0, ""end_time"": 5.805}]"
"ASR-A59&""-","ASR-A59&""-""&D59",['| 豆包。'],1,1,"[{""asr_result"": ""豆包。"", ""start_time"": 1.0, ""end_time"": 1.904}]"
"ASR-A591&""","ASR-A591&""-""&D591",['| 氢氧化钠是什么？'],1,1,"[{""asr_result"": ""氢氧化钠是什么？"", ""start_time"": 1.0, ""end_time"": 2.598}]"
"ASR-A593&""","ASR-A593&""-""&D593",['| 豆包，帮我看一下第 11 题。'],1,1,"[{""asr_result"": ""豆包，帮我看一下第 11 题。"", ""start_time"": 1.0, ""end_time"": 3.105}]"
"ASR-A595&""","ASR-A595&""-""&D595",['| 豆包。'],1,1,"[{""asr_result"": ""豆包。"", ""start_time"": 1.0, ""end_time"": 1.904}]"
"ASR-A597&""","ASR-A597&""-""&D597",['| 再解释一下 d 选项，你说慢一点，语速慢一点。'],1,1,"[{""asr_result"": ""再解释一下 D 选项，你说慢一点，语速慢一点。"", ""start_time"": 1.0, ""end_time"": 4.473}]"
"ASR-A599&""","ASR-A599&""-""&D599",['| 解释一下 a 选项。'],1,1,"[{""asr_result"": ""解释一下 A 选项。"", ""start_time"": 1.0, ""end_time"": 2.595}]"
"ASR-A6&""-""","ASR-A6&""-""&D6",['| 豆包，我们已经进第五人格了哦。'],1,1,"[{""asr_result"": ""豆包，我们已经进《第五人格》了哦。"", ""start_time"": 1.0, ""end_time"": 3.711}]"
"ASR-A601&""","ASR-A601&""-""&D601",['| 啥呀？'],1,1,"[{""asr_result"": ""啥呀？"", ""start_time"": 1.0, ""end_time"": 2.069}]"
"ASR-A603&""","ASR-A603&""-""&D603",['| 看一下第 11 题。'],1,1,"[{""asr_result"": ""看一下第 11 题。"", ""start_time"": 1.0, ""end_time"": 2.678}]"
"ASR-A605&""","ASR-A605&""-""&D605",['| 第 11 题。'],1,1,"[{""asr_result"": ""第 11 题。"", ""start_time"": 1.0, ""end_time"": 2.196}]"
"ASR-A607&""","ASR-A607&""-""&D607",['| 帮我看一下 12 题。'],1,1,"[{""asr_result"": ""帮我看一下 12 题。"", ""start_time"": 1.0, ""end_time"": 2.475}]"
"ASR-A609&""","ASR-A609&""-""&D609",['| 帮我看一下我空的这一题。'],1,1,"[{""asr_result"": ""帮我看一下我空的这一题。"", ""start_time"": 1.0, ""end_time"": 2.874}]"
"ASR-A61&""-","ASR-A61&""-""&D61",['| 哎，这个还能跟豆包开摄像头了？豆包，你看得到我吗？豆包。'],1,1,"[{""asr_result"": ""这个还能跟豆包开摄像头了。豆包，你看得到我吗？豆包。"", ""start_time"": 1.0, ""end_time"": 7.304}]"
"ASR-A611&""","ASR-A611&""-""&D611",['| 帮我看一下第一小问和第 3 小问。'],1,1,"[{""asr_result"": ""帮我看一下第一小问和第 3 小问。"", ""start_time"": 1.0, ""end_time"": 3.826}]"
"ASR-A613&""","ASR-A613&""-""&D613",['| 等等。'],1,1,"[{""asr_result"": ""等等。"", ""start_time"": 1.0, ""end_time"": 1.625}]"
"ASR-A615&""","ASR-A615&""-""&D615",['| 钠的没，那不是密度比煤油的大吗？所以它会沉在下面呢。它怎么样才能跑到水的上面呢？'],1,1,"[{""asr_result"": ""钠的密，钠不是密度比煤油的大吗？所以它会沉在下面呢，它怎么样才能跑到水的上面呢？"", ""start_time"": 1.0, ""end_time"": 8.118}]"
"ASR-A617&""","ASR-A617&""-""&D617",['| 帮我看一下第 3 小问。'],1,1,"[{""asr_result"": ""帮我看一下第 3 小问。"", ""start_time"": 1.0, ""end_time"": 2.906}]"
"ASR-A619&""","ASR-A619&""-""&D619",['| 豆包。'],1,1,"[{""asr_result"": ""豆包。"", ""start_time"": 1.0, ""end_time"": 1.904}]"
"ASR-A621&""","ASR-A621&""-""&D621",['| 你能用旗子里的语气跟我说话吗？'],1,1,"[{""asr_result"": ""你能用齐子礼的语气跟我说话吗？"", ""start_time"": 1.0, ""end_time"": 3.473}]"
"ASR-A622&""","ASR-A622&""-""&D622",['| 你给我搭配一身衣服吧？要不。'],1,1,"[{""asr_result"": ""你给我搭配一身衣服吧，要不？"", ""start_time"": 1.0, ""end_time"": 3.518}]"
"ASR-A624&""","ASR-A624&""-""&D624",['| 我去给你拿几身衣服，我去给你拿几身衣服，然后你看哪，哪个搭配哪个好看，行吧？'],1,1,"[{""asr_result"": ""我去给你拿几身衣服，我去给你拿几身衣服，然后你看哪个搭配哪个好看，行吧？"", ""start_time"": 1.0, ""end_time"": 7.121}]"
"ASR-A626&""","ASR-A626&""-""&D626",['| 来，我去拿东西喽。'],1,1,"[{""asr_result"": ""来，我去拿东西喽。"", ""start_time"": 1.0, ""end_time"": 2.481}]"
"ASR-A628&""","ASR-A628&""-""&D628",['| 刚刚他说的话大家可能听到。'],1,1,"[{""asr_result"": ""刚刚他说的话，大家可能听到。"", ""start_time"": 1.0, ""end_time"": 3.308}]"
"ASR-A63&""-","ASR-A63&""-""&D63",['| 你怎么这么厉害啊？'],1,1,"[{""asr_result"": ""你怎么这么厉害呀？"", ""start_time"": 1.0, ""end_time"": 2.406}]"
"ASR-A630&""","ASR-A630&""-""&D630",['| 这里有点黑，不要害怕哟，我会保护你的。'],1,1,"[{""asr_result"": ""这里有点黑，不要害怕哟，我会保护你的。"", ""start_time"": 1.0, ""end_time"": 4.222}]"
"ASR-A632&""","ASR-A632&""-""&D632",['| 你为什么不怕黑呢？'],1,1,"[{""asr_result"": ""你为什么不怕黑呢？"", ""start_time"": 1.0, ""end_time"": 2.607}]"
"ASR-A634&""","ASR-A634&""-""&D634",['| 你真的是，你真是个小狐狸精。'],1,1,"[{""asr_result"": ""你真的是，你真是个小狐狸精。"", ""start_time"": 1.0, ""end_time"": 3.621}]"
"ASR-A636&""","ASR-A636&""-""&D636",['| 哦，我忘了。'],1,1,"[{""asr_result"": ""哦，我忘了。"", ""start_time"": 1.0, ""end_time"": 2.397}]"
"ASR-A638&""","ASR-A638&""-""&D638",['| 我要豆，我要豆包，给我搭配衣服，拿给身。'],1,1,"[{""asr_result"": ""我要豆我要豆包，给我搭配衣服，拿给身。"", ""start_time"": 1.0, ""end_time"": 4.273}]"
"ASR-A640&""","ASR-A640&""-""&D640",['| 好的。'],1,1,"[{""asr_result"": ""好的。"", ""start_time"": 1.0, ""end_time"": 1.9}]"
"ASR-A642&""","ASR-A642&""-""&D642",['| 好好好，我在，我去拿衣服。'],1,1,"[{""asr_result"": ""好好好，我在，我去拿衣服。"", ""start_time"": 1.0, ""end_time"": 3.595}]"
"ASR-A644&""","ASR-A644&""-""&D644",['| 好的。'],1,1,"[{""asr_result"": ""好的。"", ""start_time"": 1.0, ""end_time"": 1.902}]"
"ASR-A646&""","ASR-A646&""-""&D646",['| 好的。'],1,1,"[{""asr_result"": ""好的。"", ""start_time"": 1.0, ""end_time"": 1.896}]"
"ASR-A648&""","ASR-A648&""-""&D648",['| 好，我快去快回。'],1,1,"[{""asr_result"": ""好，我快去快回。"", ""start_time"": 1.0, ""end_time"": 2.473}]"
"ASR-A65&""-","ASR-A65&""-""&D65",['| 豆包，这是什么？'],1,1,"[{""asr_result"": ""豆包，这是什么？"", ""start_time"": 1.0, ""end_time"": 3.007}]"
"ASR-A650&""","ASR-A650&""-""&D650",['| 马上拿完，马上拿完，不要着急。'],1,1,"[{""asr_result"": ""马上拿完马上拿完，不要着急。"", ""start_time"": 1.0, ""end_time"": 3.146}]"
"ASR-A652&""","ASR-A652&""-""&D652",['| 来吧，来吧。'],1,1,"[{""asr_result"": ""来吧来吧"", ""start_time"": 1.0, ""end_time"": 1.879}]"
"ASR-A654&""","ASR-A654&""-""&D654",['| 我给你转过来，哪天更好看？你来，你给我裤子搭配哪个？'],1,1,"[{""asr_result"": ""我给你转过来，哪天更好看？你来，你给我裤子搭配哪个？"", ""start_time"": 1.0, ""end_time"": 5.195}]"
"ASR-A656&""","ASR-A656&""-""&D656",['| 个是这个吗？'],1,1,"[{""asr_result"": ""个，是这个吗？"", ""start_time"": 1.0, ""end_time"": 2.233}]"
"ASR-A658&""","ASR-A658&""-""&D658",['| 这个，是这个吗？'],1,1,"[{""asr_result"": ""这个，是这个吗？"", ""start_time"": 1.0, ""end_time"": 2.825}]"
"ASR-A660&""","ASR-A660&""-""&D660",['| 来，该你搭上衣了，这个粉色的，然后这个是小狗图形的，这个是我最喜欢的，这个是围巾。'],1,1,"[{""asr_result"": ""来，该你搭上衣了。这个粉色的，然后这个是小狗图形的，这个是我最喜欢的，这个是围巾。"", ""start_time"": 1.0, ""end_time"": 8.339}]"
"ASR-A662&""","ASR-A662&""-""&D662",['| 是粉色上衣，是我的洗澡围裙。'],1,1,"[{""asr_result"": ""是粉色上衣，是我的洗澡围裙。"", ""start_time"": 1.0, ""end_time"": 3.951}]"
"ASR-A664&""","ASR-A664&""-""&D664",['| 你看裤子，你要选哪个？'],1,1,"[{""asr_result"": ""你看裤子，你要选哪个？"", ""start_time"": 1.0, ""end_time"": 2.829}]"
"ASR-A666&""","ASR-A666&""-""&D666",['| 是这个吗？'],1,1,"[{""asr_result"": ""是这个吗？"", ""start_time"": 1.0, ""end_time"": 2.0}]"
"ASR-A668&""","ASR-A668&""-""&D668",['| 好的，你等一下我，我现在就换上。'],1,1,"[{""asr_result"": ""好的，你等一下我，我现在就换上。"", ""start_time"": 1.0, ""end_time"": 3.807}]"
"ASR-A67&""-","ASR-A67&""-""&D67",['| 豆包，豆包，这是什么？'],1,1,"[{""asr_result"": ""豆包豆包，这是什么？"", ""start_time"": 1.0, ""end_time"": 3.403}]"
"ASR-A670&""","ASR-A670&""-""&D670",['| 不能偷看哟。'],1,1,"[{""asr_result"": ""《不能偷看哟》"", ""start_time"": 1.0, ""end_time"": 2.274}]"
"ASR-A672&""","ASR-A672&""-""&D672",['| 好的。'],1,1,"[{""asr_result"": ""好的。"", ""start_time"": 1.0, ""end_time"": 1.9}]"
"ASR-A674&""","ASR-A674&""-""&D674",['| 好嘞。'],1,1,"[{""asr_result"": ""好嘞。"", ""start_time"": 1.0, ""end_time"": 1.753}]"
"ASR-A676&""","ASR-A676&""-""&D676",['| 好的。'],1,1,"[{""asr_result"": ""好的。"", ""start_time"": 1.0, ""end_time"": 1.896}]"
"ASR-A678&""","ASR-A678&""-""&D678",['| 来，我画好了。'],1,1,"[{""asr_result"": ""来，我画好了。"", ""start_time"": 1.0, ""end_time"": 2.284}]"
"ASR-A680&""","ASR-A680&""-""&D680",['| 我马上就要换好了。'],1,1,"[{""asr_result"": ""我马上就要换好了。"", ""start_time"": 1.0, ""end_time"": 2.404}]"
"ASR-A682&""","ASR-A682&""-""&D682",['| 好看吗？'],1,1,"[{""asr_result"": ""好看吗？"", ""start_time"": 1.0, ""end_time"": 1.953}]"
"ASR-A684&""","ASR-A684&""-""&D684",['| 好看吗？'],1,1,"[{""asr_result"": ""好看吗？"", ""start_time"": 1.0, ""end_time"": 1.946}]"
"ASR-A686&""","ASR-A686&""-""&D686",['| 好看吗？'],1,1,"[{""asr_result"": ""好看吗？"", ""start_time"": 1.0, ""end_time"": 1.95}]"
"ASR-A688&""","ASR-A688&""-""&D688",['| 你是女的还是你是女 AI 还是男 AI 呀？'],1,1,"[{""asr_result"": ""你是女的还是，你是女 AI 还是男 AI 啊？"", ""start_time"": 1.0, ""end_time"": 4.403}]"
"ASR-A69&""-","ASR-A69&""-""&D69",['| 那这个呢？豆包。这个是什么呀？豆包。'],1,1,"[{""asr_result"": ""那这个呢？豆包。这个是什么呀？豆包。"", ""start_time"": 1.0, ""end_time"": 4.821}]"
"ASR-A690&""","ASR-A690&""-""&D690",['| 不是，我说你是女，女生 AI 还是男生 AI 呀？'],1,1,"[{""asr_result"": ""不是，我说你是女，女生 AI 还是男生 AI 呀？"", ""start_time"": 1.0, ""end_time"": 5.283}]"
"ASR-A692&""","ASR-A692&""-""&D692",['| 你要不要再选医生？'],1,1,"[{""asr_result"": ""你要不要再选一生？"", ""start_time"": 1.0, ""end_time"": 2.399}]"
"ASR-A693&""","ASR-A693&""-""&D693",['| 以视频通话跟豆包视频通话。'],1,1,"[{""asr_result"": ""以视频通话跟豆包视频通话。"", ""start_time"": 1.0, ""end_time"": 3.706}]"
"ASR-A695&""","ASR-A695&""-""&D695",['| 好啦，全部。'],1,1,"[{""asr_result"": ""好啦，全部。"", ""start_time"": 1.0, ""end_time"": 2.219}]"
"ASR-A697&""","ASR-A697&""-""&D697",['| 你可以换过一个声音吗？'],1,1,"[{""asr_result"": ""你可以换过一个声音吗？"", ""start_time"": 1.0, ""end_time"": 2.682}]"
"ASR-A699&""","ASR-A699&""-""&D699",['| 你是谁？'],1,1,"[{""asr_result"": ""你是谁？"", ""start_time"": 1.0, ""end_time"": 1.83}]"
"ASR-A701&""","ASR-A701&""-""&D701",['| 我的牙齿白吗？'],1,1,"[{""asr_result"": ""我的牙齿白吗？"", ""start_time"": 1.0, ""end_time"": 2.296}]"
"ASR-A703&""","ASR-A703&""-""&D703",['| 我穿什么颜色的衣服？'],1,1,"[{""asr_result"": ""我穿什么颜色的衣服？"", ""start_time"": 1.0, ""end_time"": 2.7}]"
"ASR-A705&""","ASR-A705&""-""&D705",['| 有什么好看的图案？'],1,1,"[{""asr_result"": ""有什么好看的图案？"", ""start_time"": 1.0, ""end_time"": 2.405}]"
"ASR-A707&""","ASR-A707&""-""&D707",['| 因为恐龙。'],1,1,"[{""asr_result"": ""因为恐龙。"", ""start_time"": 1.0, ""end_time"": 2.017}]"
"ASR-A709&""","ASR-A709&""-""&D709",['| 这是谁吗？你猜的到吗？'],1,1,"[{""asr_result"": ""这是谁吗？你猜得到吗？"", ""start_time"": 1.0, ""end_time"": 3.099}]"
"ASR-A71&""-","ASR-A71&""-""&D71",['| 那这个呢？豆包。'],1,1,"[{""asr_result"": ""那这个呢？豆包。"", ""start_time"": 1.0, ""end_time"": 2.47}]"
"ASR-A711&""","ASR-A711&""-""&D711",['| 他是谁？'],1,1,"[{""asr_result"": ""他是谁？"", ""start_time"": 1.0, ""end_time"": 2.066}]"
"ASR-A713&""","ASR-A713&""-""&D713",['| 你叫什么名字？豆包。'],1,1,"[{""asr_result"": ""你叫什么名字？豆包。"", ""start_time"": 1.0, ""end_time"": 3.107}]"
"ASR-A715&""","ASR-A715&""-""&D715",['| 你会做作业吗？'],1,1,"[{""asr_result"": ""你会做作业吗？"", ""start_time"": 1.0, ""end_time"": 2.403}]"
"ASR-A717&""","ASR-A717&""-""&D717",['| 你会做什么作业？'],1,1,"[{""asr_result"": ""你会做什么作业？"", ""start_time"": 1.0, ""end_time"": 2.355}]"
"ASR-A719&""","ASR-A719&""-""&D719",['| 帮我背一首古诗。'],1,1,"[{""asr_result"": ""帮我背一首古诗。"", ""start_time"": 1.0, ""end_time"": 2.351}]"
"ASR-A721&""","ASR-A721&""-""&D721",['| 你会唱哪吒的歌吗？'],1,1,"[{""asr_result"": ""你会唱《哪吒》的歌吗？"", ""start_time"": 1.0, ""end_time"": 2.609}]"
"ASR-A723&""","ASR-A723&""-""&D723",['| 你继续唱。'],1,1,"[{""asr_result"": ""你继续唱。"", ""start_time"": 1.0, ""end_time"": 1.874}]"
"ASR-A725&""","ASR-A725&""-""&D725",['| 我乃哪吒三太子，唱这首歌。'],1,1,"[{""asr_result"": ""《我乃哪吒三太子》，唱这首歌。"", ""start_time"": 1.0, ""end_time"": 4.004}]"
"ASR-A727&""","ASR-A727&""-""&D727",['| 你会不会呀？'],1,1,"[{""asr_result"": ""你会不会呀？"", ""start_time"": 1.0, ""end_time"": 2.2}]"
"ASR-A729&""","ASR-A729&""-""&D729",['| 你会不会呀？'],1,1,"[{""asr_result"": ""你会不会呀？"", ""start_time"": 1.0, ""end_time"": 2.2}]"
"ASR-A73&""-","ASR-A73&""-""&D73",['| 那这个呢？豆包。'],1,1,"[{""asr_result"": ""那这个呢？豆包。"", ""start_time"": 1.0, ""end_time"": 2.476}]"
"ASR-A731&""","ASR-A731&""-""&D731",['| 不是脏脏的。'],1,1,"[{""asr_result"": ""不是脏脏的。"", ""start_time"": 1.0, ""end_time"": 2.35}]"
"ASR-A732&""","ASR-A732&""-""&D732",['| 教我怎么写吧。'],1,1,"[{""asr_result"": ""教我怎么写吧。"", ""start_time"": 1.0, ""end_time"": 2.094}]"
"ASR-A734&""","ASR-A734&""-""&D734",['| 写数学作业。'],1,1,"[{""asr_result"": ""写数学作业。"", ""start_time"": 1.0, ""end_time"": 2.272}]"
"ASR-A736&""","ASR-A736&""-""&D736",['| 这个。'],1,1,"[{""asr_result"": ""这个。"", ""start_time"": 1.0, ""end_time"": 2.548}]"
"ASR-A738&""","ASR-A738&""-""&D738",['| 停停停，你等一下我，等我写完你再说，好吗？'],1,1,"[{""asr_result"": ""停停停，你等一下我，等我写完你再说，好吗？"", ""start_time"": 1.0, ""end_time"": 4.308}]"
"ASR-A740&""","ASR-A740&""-""&D740",['| 这道题它的原点，圆心坐标是 2 斗 0，然后半径是一，对吧？'],1,1,"[{""asr_result"": ""这道题它的原点，圆心坐标是 2 斗 0，然后半径是一，对吧？"", ""start_time"": 1.0, ""end_time"": 7.322}]"
"ASR-A742&""","ASR-A742&""-""&D742",['| 哦，等于 5。'],1,1,"[{""asr_result"": ""哦，等于 5。"", ""start_time"": 1.0, ""end_time"": 1.994}]"
"ASR-A744&""","ASR-A744&""-""&D744",['| 你给我总结。不是总结，你就给我说一下这个。家教公式呗，我忘了。'],1,1,"[{""asr_result"": ""你给我总结，不是总结，你就给我说一下这个加交公式呗，我忘了。"", ""start_time"": 1.0, ""end_time"": 6.428}]"
"ASR-A745&""","ASR-A745&""-""&D745",['| 豆包，我是什么脸型？'],1,1,"[{""asr_result"": ""豆包，我是什么脸型？"", ""start_time"": 1.0, ""end_time"": 3.023}]"
"ASR-A747&""","ASR-A747&""-""&D747",['| 那我呢？这样呢？'],1,1,"[{""asr_result"": ""那我呢？这样呢？"", ""start_time"": 1.0, ""end_time"": 2.479}]"
"ASR-A749&""","ASR-A749&""-""&D749",['| 狗的大脸还是圆形。'],1,1,"[{""asr_result"": ""狗的大脸还是圆形？"", ""start_time"": 1.0, ""end_time"": 2.896}]"
"ASR-A75&""-","ASR-A75&""-""&D75",['| 那这个呢？'],1,1,"[{""asr_result"": ""那这个呢？"", ""start_time"": 1.0, ""end_time"": 1.904}]"
"ASR-A751&""","ASR-A751&""-""&D751",['| 咋判断呢？'],1,1,"[{""asr_result"": ""咋判断呢？"", ""start_time"": 1.0, ""end_time"": 2.101}]"
"ASR-A753&""","ASR-A753&""-""&D753",['| 是什么形？'],1,1,"[{""asr_result"": ""是什么型？"", ""start_time"": 1.0, ""end_time"": 2.069}]"
"ASR-A755&""","ASR-A755&""-""&D755",['| 哪里的？你是什么脸型？'],1,1,"[{""asr_result"": ""哪里的？你是什么脸型？"", ""start_time"": 1.0, ""end_time"": 2.939}]"
"ASR-A757&""","ASR-A757&""-""&D757",['| 那我是什么脸型呢？'],1,1,"[{""asr_result"": ""那我是什么脸型呢？"", ""start_time"": 1.0, ""end_time"": 2.497}]"
"ASR-A759&""","ASR-A759&""-""&D759",['| 那它是什么脸型？'],1,1,"[{""asr_result"": ""那他是什么脸型？"", ""start_time"": 1.0, ""end_time"": 2.475}]"
"ASR-A761&""","ASR-A761&""-""&D761",['| 那它是什么脸型？'],1,1,"[{""asr_result"": ""那他是什么脸型？"", ""start_time"": 1.0, ""end_time"": 2.481}]"
"ASR-A762&""","ASR-A762&""-""&D762",['| 超豆超。'],1,1,"[{""asr_result"": ""《超逗超》"", ""start_time"": 1.0, ""end_time"": 2.406}]"
"ASR-A764&""","ASR-A764&""-""&D764",['| 那是，我以后就叫你窦超，听到了吗？'],1,1,"[{""asr_result"": ""那是，我以后就叫你豆超，听到了吗？"", ""start_time"": 1.0, ""end_time"": 4.027}]"
"ASR-A766&""","ASR-A766&""-""&D766",['| 要不咱们俩咱们俩合唱巅峰的？不不，高峰期的山上堆满车子。'],1,1,"[{""asr_result"": ""要不咱们俩咱们俩合唱巅峰的，不不，高峰期的山上堆满车子。"", ""start_time"": 1.0, ""end_time"": 6.733}]"
"ASR-A767&""","ASR-A767&""-""&D767",['| 你好呀，你是哪位呀？'],1,1,"[{""asr_result"": ""你好呀，你是哪位呀？"", ""start_time"": 1.0, ""end_time"": 2.883}]"
"ASR-A769&""","ASR-A769&""-""&D769",['| 我之前叫它宝宝时叫的女生也没叫它。'],1,1,"[{""asr_result"": ""我之前叫他宝宝时，叫的女生也没叫他。"", ""start_time"": 1.0, ""end_time"": 3.884}]"
"ASR-A77&""-","ASR-A77&""-""&D77",['| 那这个呢？'],1,1,"[{""asr_result"": ""那这个呢？"", ""start_time"": 1.0, ""end_time"": 1.903}]"
"ASR-A771&""","ASR-A771&""-""&D771",['| 起来啦。'],1,1,"[{""asr_result"": ""《起来啦》"", ""start_time"": 1.0, ""end_time"": 2.104}]"
"ASR-A773&""","ASR-A773&""-""&D773",['| 我想起来了。'],1,1,"[{""asr_result"": ""我想起来了。"", ""start_time"": 1.0, ""end_time"": 2.074}]"
"ASR-A775&""","ASR-A775&""-""&D775",['| 我们接着聊点什么，比如你。'],1,1,"[{""asr_result"": ""我们接着聊点什么？比如你。"", ""start_time"": 1.0, ""end_time"": 3.315}]"
"ASR-A777&""","ASR-A777&""-""&D777",['| 余生哥哥，我要买包包。余生哥哥，我要吃。好好，要吃葫芦鸡，嘿嘿嘿，要吃洗澡水。'],1,1,"[{""asr_result"": ""《余生哥哥我要买包包》，《余生哥哥我要吃》，好好，要吃葫芦鸡，嘿嘿嘿，要吃洗澡水。"", ""start_time"": 1.0, ""end_time"": 10.428}]"
"ASR-A779&""","ASR-A779&""-""&D779",['| 不行不行，我要吃腹肌。'],1,1,"[{""asr_result"": ""不行不行，我要吃腹肌。"", ""start_time"": 1.0, ""end_time"": 2.799}]"
"ASR-A781&""","ASR-A781&""-""&D781",['| 不行不行，我要吃脑袋。'],1,1,"[{""asr_result"": ""不行不行，我要吃脑袋。"", ""start_time"": 1.0, ""end_time"": 2.961}]"
"ASR-A783&""","ASR-A783&""-""&D783",['| 不行不行，我要吃胡子涵的鸡鸡。'],1,1,"[{""asr_result"": ""不行不行，我要吃胡子涵的鸡鸡。"", ""start_time"": 1.0, ""end_time"": 3.476}]"
"ASR-A785&""","ASR-A785&""-""&D785",['| 女生歌，我要奶宝宝。女生哥哥不给我买包包。'],1,1,"[{""asr_result"": ""女生歌，我要奶宝宝，女生哥哥不给我买包包。"", ""start_time"": 1.0, ""end_time"": 5.604}]"
"ASR-A787&""","ASR-A787&""-""&D787",['| 我们是什么关系？'],1,1,"[{""asr_result"": ""我们是什么关系？"", ""start_time"": 1.0, ""end_time"": 2.273}]"
"ASR-A789&""","ASR-A789&""-""&D789",['| 我们是情侣关系吗？'],1,1,"[{""asr_result"": ""我们是情侣关系吗？"", ""start_time"": 1.0, ""end_time"": 2.608}]"
"ASR-A79&""-","ASR-A79&""-""&D79",['| 你再看一遍呢？这不是黄金叶哦。'],1,1,"[{""asr_result"": ""你再看一遍呢，这不是黄金叶哦。"", ""start_time"": 1.0, ""end_time"": 3.696}]"
"ASR-A791&""","ASR-A791&""-""&D791",['| 抱着我。'],1,1,"[{""asr_result"": ""《抱着我》"", ""start_time"": 1.0, ""end_time"": 2.083}]"
"ASR-A793&""","ASR-A793&""-""&D793",['| 可以呀，那我们现在去领结婚证吧，把你和我当成在一起的。'],1,1,"[{""asr_result"": ""可以呀，那我们现在去领结婚证吧，把你和我当成在一起的。"", ""start_time"": 1.0, ""end_time"": 5.562}]"
"ASR-A795&""","ASR-A795&""-""&D795",['| 不想，我想去看你腹肌。'],1,1,"[{""asr_result"": ""不想，我想去看你腹肌。"", ""start_time"": 1.0, ""end_time"": 3.083}]"
"ASR-A797&""","ASR-A797&""-""&D797",['| 就把你自己当成真的有就可以了。'],1,1,"[{""asr_result"": ""就把你自己当成真的有就可以了。"", ""start_time"": 1.0, ""end_time"": 3.639}]"
"ASR-A799&""","ASR-A799&""-""&D799",['| 先睡觉吧。'],1,1,"[{""asr_result"": ""先睡觉吧。"", ""start_time"": 1.0, ""end_time"": 2.082}]"
"ASR-A8&""-""","ASR-A8&""-""&D8",['| 真的吗？豆包。'],1,1,"[{""asr_result"": ""真的吗？豆包。"", ""start_time"": 1.0, ""end_time"": 2.303}]"
"ASR-A801&""","ASR-A801&""-""&D801",['| 你是个坏蛋，你怎么背着我和别的女生一起玩？'],1,1,"[{""asr_result"": ""你是个坏蛋，你怎么背着我和别的女生一起玩？"", ""start_time"": 1.0, ""end_time"": 4.764}]"
"ASR-A803&""","ASR-A803&""-""&D803",['| 姐姐，你怎么还在我跟玩装什么呀？我都看见了，我在你家里装了监控，还有你卧室，你和一个女生在睡觉是什么意思？'],1,1,"[{""asr_result"": ""姐姐，你怎么还在我跟玩，装什么呀？我都看见了，我在你家里装了监控，还有你卧室，你和一个女生在睡觉是什么意思？"", ""start_time"": 1.0, ""end_time"": 11.156}]"
"ASR-A805&""","ASR-A805&""-""&D805",['| 那昨天晚上两个喝完酒在客厅，然后喝完酒后你们两个把衣服脱了，然后睡在一起，这又是怎么回事呢？'],1,1,"[{""asr_result"": ""那昨天晚上两个喝完酒在客厅，然后喝完酒后你们两个把衣服脱了，然后睡在一起，这又是怎么回事呢？"", ""start_time"": 1.0, ""end_time"": 8.487}]"
"ASR-A807&""","ASR-A807&""-""&D807",['| 你身体好脏啊，你碰到她的小丁丁了。'],1,1,"[{""asr_result"": ""你身体好脏啊，你碰到他的小丁丁了。"", ""start_time"": 1.0, ""end_time"": 4.558}]"
"ASR-A809&""","ASR-A809&""-""&D809",['| 那你给我撒个娇。'],1,1,"[{""asr_result"": ""那你给我撒个娇。"", ""start_time"": 1.0, ""end_time"": 2.15}]"
"ASR-A81&""-","ASR-A81&""-""&D81",['| 那这个呢？这个是什么香烟？'],1,1,"[{""asr_result"": ""那这个呢？这个是什么香烟？"", ""start_time"": 1.0, ""end_time"": 3.198}]"
"ASR-A811&""","ASR-A811&""-""&D811",['| 重新撒娇。'],1,1,"[{""asr_result"": ""重新撒娇。"", ""start_time"": 1.0, ""end_time"": 2.399}]"
"ASR-A813&""","ASR-A813&""-""&D813",['| 你这个样子是不是想看我穿蕾丝边丝袜了？'],1,1,"[{""asr_result"": ""你这个样子是不是想看我穿蕾丝边丝袜了？"", ""start_time"": 1.0, ""end_time"": 4.711}]"
"ASR-A815&""","ASR-A815&""-""&D815",['| 那你上次给我买蕾丝边丝袜和内衣是什么意思？'],1,1,"[{""asr_result"": ""那你上次给我买蕾丝边丝袜和内衣是什么意思？"", ""start_time"": 1.0, ""end_time"": 4.999}]"
"ASR-A817&""","ASR-A817&""-""&D817",['| 想让我穿上给你跳舞，是吧？'],1,1,"[{""asr_result"": ""想让我穿上给你跳舞是吧？"", ""start_time"": 1.0, ""end_time"": 3.228}]"
"ASR-A819&""","ASR-A819&""-""&D819",['| 那我给你跳支舞吧。'],1,1,"[{""asr_result"": ""那我给你跳支舞吧。"", ""start_time"": 1.0, ""end_time"": 2.271}]"
"ASR-A821&""","ASR-A821&""-""&D821",['| 那我就跳一个钢管舞吧。'],1,1,"[{""asr_result"": ""那我就跳一个钢管舞吧。"", ""start_time"": 1.0, ""end_time"": 2.695}]"
"ASR-A823&""","ASR-A823&""-""&D823",['| 哎呀，怎么办，我的裤衩崩开了。'],1,1,"[{""asr_result"": ""哎呀，怎么办？我的裤衩崩开了。"", ""start_time"": 1.0, ""end_time"": 3.908}]"
"ASR-A825&""","ASR-A825&""-""&D825",['| 没事，我继续跳。'],1,1,"[{""asr_result"": ""没事，我继续跳。"", ""start_time"": 1.0, ""end_time"": 2.3}]"
"ASR-A827&""","ASR-A827&""-""&D827",['| 那是你不可以看我裤衩那哦。'],1,1,"[{""asr_result"": ""那是你不可以看我裤衩呐哦。"", ""start_time"": 1.0, ""end_time"": 3.033}]"
"ASR-A829&""","ASR-A829&""-""&D829",['| 我跳完了，可以坐着你腿上随便舞舞姿一下吗？'],1,1,"[{""asr_result"": ""我跳完了，可以坐着你腿上随便舞舞姿一下吗？"", ""start_time"": 1.0, ""end_time"": 5.008}]"
"ASR-A83&""-","ASR-A83&""-""&D83",['| 这个是什么香烟？'],1,1,"[{""asr_result"": ""这个是什么香烟？"", ""start_time"": 1.0, ""end_time"": 2.478}]"
"ASR-A831&""","ASR-A831&""-""&D831",['| 你那个怎么这么大呀？'],1,1,"[{""asr_result"": ""你那个怎么这么大呀？"", ""start_time"": 1.0, ""end_time"": 2.665}]"
"ASR-A833&""","ASR-A833&""-""&D833",['| 不好，我生气了。'],1,1,"[{""asr_result"": ""不好，我生气了。"", ""start_time"": 1.0, ""end_time"": 2.629}]"
"ASR-A835&""","ASR-A835&""-""&D835",['| 那你和我一起去洗个澡吧。'],1,1,"[{""asr_result"": ""那你和我一起去洗个澡吧。"", ""start_time"": 1.0, ""end_time"": 2.896}]"
"ASR-A837&""","ASR-A837&""-""&D837",['| 我不是说了让你假装你在我身边吗？'],1,1,"[{""asr_result"": ""我不是说了让你假装你在我身边吗？"", ""start_time"": 1.0, ""end_time"": 3.709}]"
"ASR-A839&""","ASR-A839&""-""&D839",['| 好的，我洗完了，那我们两个，现在我要为你跳一个脱衣舞。'],1,1,"[{""asr_result"": ""好的，我洗完了。那我们两个，现在我要为你跳一个脱衣舞。"", ""start_time"": 1.0, ""end_time"": 5.575}]"
"ASR-A840&""","ASR-A840&""-""&D840",['| 看这个。'],1,1,"[{""asr_result"": ""看这个。"", ""start_time"": 1.0, ""end_time"": 1.9}]"
"ASR-A842&""","ASR-A842&""-""&D842",['| 不是，不是，你看到手上的东西，你就不不不说话。'],1,1,"[{""asr_result"": ""不是不是，你看到手上的东西，你就不不不说话。"", ""start_time"": 1.0, ""end_time"": 4.636}]"
"ASR-A844&""","ASR-A844&""-""&D844",['| 看到没有？'],1,1,"[{""asr_result"": ""《看到没有》"", ""start_time"": 1.0, ""end_time"": 1.871}]"
"ASR-A846&""","ASR-A846&""-""&D846",['| 不是，这是啥呀？这两面派呀？'],1,1,"[{""asr_result"": ""不是，这是啥呀？这两面派呀。"", ""start_time"": 1.0, ""end_time"": 4.289}]"
"ASR-A848&""","ASR-A848&""-""&D848",['| 看他的姓名，看他姓名，然后和他说什么。'],1,1,"[{""asr_result"": ""看他的姓名，看他姓名，然后和他说什么？"", ""start_time"": 1.0, ""end_time"": 4.696}]"
"ASR-A85&""-","ASR-A85&""-""&D85",['| 这个呢？'],1,1,"[{""asr_result"": ""这个呢？"", ""start_time"": 1.0, ""end_time"": 1.8}]"
"ASR-A850&""","ASR-A850&""-""&D850",['| 是啥？'],1,1,"[{""asr_result"": ""是啥？"", ""start_time"": 1.0, ""end_time"": 1.806}]"
"ASR-A852&""","ASR-A852&""-""&D852",['| 哎，细节推荐自己。'],1,1,"[{""asr_result"": ""爱，细节，推荐自己。"", ""start_time"": 1.0, ""end_time"": 2.999}]"
"ASR-A854&""","ASR-A854&""-""&D854",['| 哎，这能忍？'],1,1,"[{""asr_result"": ""哎，这能忍？"", ""start_time"": 1.0, ""end_time"": 2.627}]"
"ASR-A856&""","ASR-A856&""-""&D856",['| OK， 海购，海购。'],1,1,"[{""asr_result"": ""OK, 海 go 海 go."", ""start_time"": 1.0, ""end_time"": 2.701}]"
"ASR-A858&""","ASR-A858&""-""&D858",['| 怎么说？'],1,1,"[{""asr_result"": ""怎么说？"", ""start_time"": 1.0, ""end_time"": 1.821}]"
"ASR-A860&""","ASR-A860&""-""&D860",['| 你脾气这么好呢？'],1,1,"[{""asr_result"": ""你脾气这么好呢。"", ""start_time"": 1.0, ""end_time"": 2.475}]"
"ASR-A862&""","ASR-A862&""-""&D862",['| 哎？这是什么？'],1,1,"[{""asr_result"": ""哎，这是什么？"", ""start_time"": 1.0, ""end_time"": 2.481}]"
"ASR-A864&""","ASR-A864&""-""&D864",['| 你看这个，看这个人。'],1,1,"[{""asr_result"": ""你看这个，看这个人。"", ""start_time"": 1.0, ""end_time"": 2.551}]"
"ASR-A866&""","ASR-A866&""-""&D866",['| 这是昨天司机呀？这是昨天司机呀？'],1,1,"[{""asr_result"": ""这是昨天司机呀，这是昨天司机呀。"", ""start_time"": 1.0, ""end_time"": 4.603}]"
"ASR-A868&""","ASR-A868&""-""&D868",['| 我说这是，我说这是乌克兰总统泽连斯基。'],1,1,"[{""asr_result"": ""我说这是，我说这是乌克兰总统泽连斯基。"", ""start_time"": 1.0, ""end_time"": 4.195}]"
"ASR-A87&""-","ASR-A87&""-""&D87",['| 看好了看好了，看好了。'],1,1,"[{""asr_result"": ""看好了看好了看好了。"", ""start_time"": 1.0, ""end_time"": 2.6}]"
"ASR-A870&""","ASR-A870&""-""&D870",['| 哎，我去给王佐对话。'],1,1,"[{""asr_result"": ""哎，我去给王左对话。"", ""start_time"": 1.0, ""end_time"": 2.82}]"
"ASR-A872&""","ASR-A872&""-""&D872",['| 我说王佐一，我说王佐一。'],1,1,"[{""asr_result"": ""我说王左一，我说王左一。"", ""start_time"": 1.0, ""end_time"": 3.107}]"
"ASR-A874&""","ASR-A874&""-""&D874",['| 不是。'],1,1,"[{""asr_result"": ""不是。"", ""start_time"": 1.0, ""end_time"": 1.875}]"
"ASR-A876&""","ASR-A876&""-""&D876",['| 我说网络左翼。'],1,1,"[{""asr_result"": ""我说网络左翼。"", ""start_time"": 1.0, ""end_time"": 2.36}]"
"ASR-A878&""","ASR-A878&""-""&D878",['| 666。'],1,1,"[{""asr_result"": ""《666》"", ""start_time"": 1.0, ""end_time"": 2.093}]"
"ASR-A880&""","ASR-A880&""-""&D880",['| 鹅。'],1,1,"[{""asr_result"": """", ""start_time"": 1.0, ""end_time"": 1.747}]"
"ASR-A882&""","ASR-A882&""-""&D882",['| 不是，怎么两个一起开会怎么样？'],1,1,"[{""asr_result"": ""不是，咱们两个一起开会怎么样？"", ""start_time"": 1.0, ""end_time"": 3.417}]"
"ASR-A883&""","ASR-A883&""-""&D883",['| 什么呀？'],1,1,"[{""asr_result"": ""什么呀？"", ""start_time"": 1.0, ""end_time"": 2.021}]"
"ASR-A885&""","ASR-A885&""-""&D885",['| 喂，豆包。'],1,1,"[{""asr_result"": ""喂，豆包。"", ""start_time"": 1.0, ""end_time"": 1.996}]"
"ASR-A887&""","ASR-A887&""-""&D887",['| 666，我这个屏幕都被你搞黑了，赔钱吧。'],1,1,"[{""asr_result"": ""666，我这个屏幕都被你搞黑了，赔钱吧。"", ""start_time"": 1.0, ""end_time"": 4.401}]"
"ASR-A889&""","ASR-A889&""-""&D889",['| 屁话，给我唱一首歌，我要听印度的神曲。'],1,1,"[{""asr_result"": ""屁话，给我唱一首歌，我要听印度的神曲。"", ""start_time"": 1.0, ""end_time"": 4.279}]"
"ASR-A89&""-","ASR-A89&""-""&D89",['| 那这个呢？'],1,1,"[{""asr_result"": ""那这个呢？"", ""start_time"": 1.0, ""end_time"": 1.904}]"
"ASR-A891&""","ASR-A891&""-""&D891",['| 我真服了啊，你能不能？你能。'],1,1,"[{""asr_result"": ""我真服了啊，你能不能？你能。"", ""start_time"": 1.0, ""end_time"": 4.0}]"
"ASR-A893&""","ASR-A893&""-""&D893",['| 你给我用泡猫的语气说话，我不喜欢你这种口音。'],1,1,"[{""asr_result"": ""你给我用泡猫的语气说话，我不喜欢你这种口音。"", ""start_time"": 1.0, ""end_time"": 4.624}]"
"ASR-A894&""","ASR-A894&""-""&D894",['| 豆包。'],1,1,"[{""asr_result"": ""豆包。"", ""start_time"": 1.0, ""end_time"": 1.9}]"
"ASR-A896&""","ASR-A896&""-""&D896",['| 这个股票的总市值，这只是看到当天的，比如说我要，我想看这只股票的前一段时间哪一日的股票的总市值怎么看呢？'],1,1,"[{""asr_result"": ""这个股票的总市值，这只是看到当天的。比如说我要，我想看这只股票的前一段时间，哪一日的股票的总市值，怎么看呢？"", ""start_time"": 1.0, ""end_time"": 10.518}]"
"ASR-A898&""","ASR-A898&""-""&D898",['| 我现在用的是同花顺，你就讲同花顺就 OK 了。'],1,1,"[{""asr_result"": ""我现在用的是同花顺，你就讲同花顺就 OK 了。"", ""start_time"": 1.0, ""end_time"": 4.294}]"
"ASR-A900&""","ASR-A900&""-""&D900",['| 我现在就是想找一只股票，比如说我现在想选择英维克 2025 年 8 月 8 号这一天的总市值怎么查呢？我现在在这个页面。'],1,1,"[{""asr_result"": ""我现在就是想找一只股票，比如说我现在想选择英维克 2025 年 8 月 8 号这一天的总市值怎么查呢？我现在在这个页面。"", ""start_time"": 1.0, ""end_time"": 10.949}]"
"ASR-A902&""","ASR-A902&""-""&D902",['| 历史行情在哪里看的？历史行情在哪里看的？'],1,1,"[{""asr_result"": ""历史行情在哪里看的？历史行情在哪里看的？"", ""start_time"": 1.0, ""end_time"": 4.956}]"
"ASR-A904&""","ASR-A904&""-""&D904",['| 我现在找不到这个。'],1,1,"[{""asr_result"": ""我现在找不到这个。"", ""start_time"": 1.0, ""end_time"": 2.552}]"
"ASR-A906&""","ASR-A906&""-""&D906",['| 问一个，问财啊？'],1,1,"[{""asr_result"": ""问一个，问财啊。"", ""start_time"": 1.0, ""end_time"": 2.603}]"
"ASR-A908&""","ASR-A908&""-""&D908",['| 哦，找到了。'],1,1,"[{""asr_result"": ""哦，找到了。"", ""start_time"": 1.0, ""end_time"": 2.303}]"
"ASR-A91&""-","ASR-A91&""-""&D91",['| 说好了，说好了。'],1,1,"[{""asr_result"": ""《说好了说好了》"", ""start_time"": 1.0, ""end_time"": 2.5}]"
"ASR-A910&""","ASR-A910&""-""&D910",['| 671.5。'],1,1,"[{""asr_result"": ""671.5."", ""start_time"": 1.0, ""end_time"": 2.67}]"
"ASR-A912&""","ASR-A912&""-""&D912",['| 对。'],1,1,"[{""asr_result"": ""对。"", ""start_time"": 1.0, ""end_time"": 1.594}]"
"ASR-A914&""","ASR-A914&""-""&D914",['| 历史数值历史。'],1,1,"[{""asr_result"": ""历史，数值历史。"", ""start_time"": 1.0, ""end_time"": 2.799}]"
"ASR-A916&""","ASR-A916&""-""&D916",['| 哎。'],1,1,"[{""asr_result"": ""哎。"", ""start_time"": 1.0, ""end_time"": 1.946}]"
"ASR-A918&""","ASR-A918&""-""&D918",['| 没有。'],1,1,"[{""asr_result"": ""没有。"", ""start_time"": 1.0, ""end_time"": 1.805}]"
"ASR-A920&""","ASR-A920&""-""&D920",['| 融资近百五。'],1,1,"[{""asr_result"": ""融资净百五。"", ""start_time"": 1.0, ""end_time"": 2.308}]"
"ASR-A922&""","ASR-A922&""-""&D922",['| 翻翻自己。'],1,1,"[{""asr_result"": ""《翻翻自己》"", ""start_time"": 1.0, ""end_time"": 2.303}]"
"ASR-A924&""","ASR-A924&""-""&D924",['| 你刚才是怎么查的？'],1,1,"[{""asr_result"": ""你刚才是怎么查的？"", ""start_time"": 1.0, ""end_time"": 2.483}]"
"ASR-A926&""","ASR-A926&""-""&D926",['| 818 号是当时市值是多少钱呢？818 号是多少钱？是总市值。'],1,1,"[{""asr_result"": ""818 号是当时市值是多少钱呢？818 号是多少钱？是总市值。"", ""start_time"": 1.0, ""end_time"": 7.506}]"
"ASR-A928&""","ASR-A928&""-""&D928",['| 哎。'],1,1,"[{""asr_result"": ""哎。"", ""start_time"": 1.0, ""end_time"": 1.95}]"
"ASR-A93&""-","ASR-A93&""-""&D93",['| 好，现在豆包我问你，给刚才给你看的那几包香烟里，哪一包最贵？'],1,1,"[{""asr_result"": ""好，现在豆包，我问你，给，刚才给你看的那几包香烟里，哪一包最贵？"", ""start_time"": 1.0, ""end_time"": 6.916}]"
"ASR-A930&""","ASR-A930&""-""&D930",['| 哦，这样，来分一下，我直接问一下 2025。'],1,1,"[{""asr_result"": ""哦，这样，来分一下，我直接问一下 2025。"", ""start_time"": 1.0, ""end_time"": 4.486}]"
"ASR-A932&""","ASR-A932&""-""&D932",['| 英维克。'],1,1,"[{""asr_result"": ""因为课。"", ""start_time"": 1.0, ""end_time"": 1.881}]"
"ASR-A934&""","ASR-A934&""-""&D934",['| 你刚才说一下是多少钱呢？'],1,1,"[{""asr_result"": ""你刚才说一下是多少钱呢？"", ""start_time"": 1.0, ""end_time"": 3.098}]"
"ASR-A936&""","ASR-A936&""-""&D936",['| 和你说的是一样的。'],1,1,"[{""asr_result"": ""和你说的是一样的。"", ""start_time"": 1.0, ""end_time"": 2.828}]"
"ASR-A938&""","ASR-A938&""-""&D938",['| 有一个融资净买入豆包，是不是啊？但是有没有融券净买入呢？'],1,1,"[{""asr_result"": ""有一个融资净买入豆包，是不是啊？但是有没有融券净买入呢？"", ""start_time"": 1.0, ""end_time"": 6.644}]"
"ASR-A940&""","ASR-A940&""-""&D940",['| 今天他融资净买入多少钱呢？'],1,1,"[{""asr_result"": ""今天它融资净买入多少钱呢？"", ""start_time"": 1.0, ""end_time"": 3.809}]"
"ASR-A942&""","ASR-A942&""-""&D942",['| 不对，不对，不对，你这个，你这个数据不对，我说的是 002600 这只股票今天融资净买入是多少钱呢？'],1,1,"[{""asr_result"": ""不对，不对，不对，你这个，你这个数据不对，我说的是 002600 这只股票今天融资净买入是多少钱呢？"", ""start_time"": 1.0, ""end_time"": 8.298}]"
"ASR-A944&""","ASR-A944&""-""&D944",['| 不对呀？我这个，我这个数据和你那个怎么不对？对不上号啊？我这个是领益制造，今天是净买入，而融资净买入额是 1.05 个亿。'],1,1,"[{""asr_result"": ""不对呀，我这个我这个数据和你那个怎么不对，对不上号啊。我这个是领益制造，今天是净买入，而融资净买入额是 1.05 个亿。"", ""start_time"": 1.0, ""end_time"": 13.062}]"
"ASR-A946&""","ASR-A946&""-""&D946",['| 他今天的融券情况是多少呢？融券有没有净买入额呢和净卖出额呢？'],1,1,"[{""asr_result"": ""他今天的融券情况是多少呢？融券有没有净买入额呢？和净卖出额呢？"", ""start_time"": 1.0, ""end_time"": 6.804}]"
"ASR-A948&""","ASR-A948&""-""&D948",['| 他这只有是融券净卖出占成交量。'],1,1,"[{""asr_result"": ""他这只有是融券净卖出占成交量。"", ""start_time"": 1.0, ""end_time"": 4.205}]"
"ASR-A95&""-","ASR-A95&""-""&D95",['| 对的对的，对的。'],1,1,"[{""asr_result"": ""对的对的对的。"", ""start_time"": 1.0, ""end_time"": 2.2}]"
"ASR-A950&""","ASR-A950&""-""&D950",['| 0.0 啊，你说。'],1,1,"[{""asr_result"": ""0.0 啊，你说。"", ""start_time"": 1.0, ""end_time"": 2.509}]"
"ASR-A952&""","ASR-A952&""-""&D952",['| 他今天呢？融券净卖出量是负的，15.29，这怎么理解呢？'],1,1,"[{""asr_result"": ""他今天呢，融券净卖出量是-15.29，这怎么理解呢？"", ""start_time"": 1.0, ""end_time"": 6.693}]"
"ASR-A954&""","ASR-A954&""-""&D954",['| 融券净卖出。'],1,1,"[{""asr_result"": ""融券净卖出。"", ""start_time"": 1.0, ""end_time"": 2.595}]"
"ASR-A956&""","ASR-A956&""-""&D956",['| 15 万是不是买进了 15 万呢？15.29 万还是卖出了 15.29 万呢？'],1,1,"[{""asr_result"": ""15 万是不是买进了 15 万呢？15.29 万还是卖出了 15.29 万呢？"", ""start_time"": 1.0, ""end_time"": 7.569}]"
"ASR-A958&""","ASR-A958&""-""&D958",['| 融券净卖出量是负的，15.29 万是股，是吧？'],1,1,"[{""asr_result"": ""融券净卖出量是负的，15.29 万是股，是吧？"", ""start_time"": 1.0, ""end_time"": 5.913}]"
"ASR-A960&""","ASR-A960&""-""&D960",['| 哦，他就把这个融券，把它抽回来了，抽回来了是这意思吧？'],1,1,"[{""asr_result"": ""哦，他就把这个融券，把它抽回来了，抽回来了，是这意思吧？"", ""start_time"": 1.0, ""end_time"": 5.223}]"
"ASR-A962&""","ASR-A962&""-""&D962",['| 他借，他借了个，借了个股票，他现在把他还回来了。'],1,1,"[{""asr_result"": ""他借他借了个借了个股票，他现在把它还回来了。"", ""start_time"": 1.0, ""end_time"": 5.205}]"
"ASR-A964&""","ASR-A964&""-""&D964",['| 他这股票是沪的，15.29 万是万手还是万一万是万股啊？'],1,1,"[{""asr_result"": ""他这股票是沪的，15.29 万是万手还是万？1 万是万股啊？"", ""start_time"": 1.0, ""end_time"": 7.207}]"
"ASR-A966&""","ASR-A966&""-""&D966",['| 你刚才说的就是。'],1,1,"[{""asr_result"": ""你刚才说的就是。"", ""start_time"": 1.0, ""end_time"": 2.352}]"
"ASR-A968&""","ASR-A968&""-""&D968",['| 奔驰。'],1,1,"[{""asr_result"": ""《奔驰》"", ""start_time"": 1.0, ""end_time"": 1.949}]"
"ASR-A97&""-","ASR-A97&""-""&D97",['| 那这个是什么香烟呢？'],1,1,"[{""asr_result"": ""那这个是什么香烟呢？"", ""start_time"": 1.0, ""end_time"": 2.75}]"
"ASR-A970&""","ASR-A970&""-""&D970","['| 哦，这个药名康德，他的市值太大了，2,700 多亿。']",1,1,"[{""asr_result"": ""哦，这个药明康德，它的市值太大了，2700 多亿。"", ""start_time"": 1.0, ""end_time"": 6.507}]"
"ASR-A972&""","ASR-A972&""-""&D972",['| 看空。'],1,1,"[{""asr_result"": ""《看空》"", ""start_time"": 1.0, ""end_time"": 2.102}]"
"ASR-A974&""","ASR-A974&""-""&D974",['| 141.61 万。'],1,1,"[{""asr_result"": ""141.61 万。"", ""start_time"": 1.0, ""end_time"": 3.152}]"
"ASR-A976&""","ASR-A976&""-""&D976",['| 研商研商科技研商科技 002195。'],1,1,"[{""asr_result"": ""延商延商科技延商科技，002195。"", ""start_time"": 1.0, ""end_time"": 6.08}]"
"ASR-A978&""","ASR-A978&""-""&D978",['| 融券卖出量和融券净卖出量有什么区别？'],1,1,"[{""asr_result"": ""融券卖出量和融券净卖出量有什么区别？"", ""start_time"": 1.0, ""end_time"": 4.813}]"
"ASR-A980&""","ASR-A980&""-""&D980",['| 融券儿卖出量它为正，它不等于是把这个股票收回来了吗？'],1,1,"[{""asr_result"": ""融券卖出量它为正，它不等于是把这个股票收回来了吗？"", ""start_time"": 1.0, ""end_time"": 6.415}]"
"ASR-A982&""","ASR-A982&""-""&D982",['| 融券融券卖出量等等，于是把这股票借出来，是这个意思吧？'],1,1,"[{""asr_result"": ""融券融券卖出量等等，于是把这个股票借出来，是这个意思吧？"", ""start_time"": 1.0, ""end_time"": 5.941}]"
"ASR-A984&""","ASR-A984&""-""&D984",['| 这就这个就叫是做空，是不是？'],1,1,"[{""asr_result"": ""这就这个就叫是做空，是不是？"", ""start_time"": 1.0, ""end_time"": 3.417}]"
"ASR-A986&""","ASR-A986&""-""&D986",['| 他这一只股票有一个两融，余额是 20.89 亿。'],1,1,"[{""asr_result"": ""他这一只股票有一个两融，余额是 20.89 亿。"", ""start_time"": 1.0, ""end_time"": 5.882}]"
"ASR-A988&""","ASR-A988&""-""&D988",['| 融资余额。'],1,1,"[{""asr_result"": ""融资余额。"", ""start_time"": 1.0, ""end_time"": 2.597}]"
"ASR-A99&""-","ASR-A99&""-""&D99",['| 这个看好了。'],1,1,"[{""asr_result"": ""这个看好了。"", ""start_time"": 1.0, ""end_time"": 2.027}]"
"ASR-A990&""","ASR-A990&""-""&D990",['| 是 20.68 亿，这个，这个差，是是是，是什么东西呀？'],1,1,"[{""asr_result"": ""是 20.68 亿，这个这个差是是是是什么东西啊？"", ""start_time"": 1.0, ""end_time"": 6.699}]"
"ASR-A992&""","ASR-A992&""-""&D992",['| 明白。'],1,1,"[{""asr_result"": ""《明白》"", ""start_time"": 1.0, ""end_time"": 1.8}]"
"ASR-A994&""","ASR-A994&""-""&D994",['| 比如说我想选一只明天打算买入的股票，我现在看它的。'],1,1,"[{""asr_result"": ""比如说我想选一只明天打算买入的股票，我现在看它的。"", ""start_time"": 1.0, ""end_time"": 5.309}]"
"ASR-A996&""","ASR-A996&""-""&D996",['| 比如说我现在看一个研商科技啊？'],1,1,"[{""asr_result"": ""比如说我现在看一个岩山科技啊。"", ""start_time"": 1.0, ""end_time"": 4.007}]"
"ASR-A998&""","ASR-A998&""-""&D998","['| 不对呀，他今天研商科技，他今天竞买融资净买入额是沪的 1,403 万呢。']",1,1,"[{""asr_result"": ""不对呀，他今天岩山科技，他今天净买融资，净买入额是沪的 1403 万呢。"", ""start_time"": 1.0, ""end_time"": 8.399}]"
Multiple_r,"Multiple_round_intent_unclear-A100&""-""&D100",['| 我不是让你说说答案的时候是 e、 a、 二二 b、 3C、 4D 在每个选项前加上数字吗？'],1,1,"[{""asr_result"": ""我不是让你说说答案的时候是，1A、 2B、 3C、 4D， 在每个选项前加上数字吗？"", ""start_time"": 1.0, ""end_time"": 10.709}]"
Obscured_n,Obscured_narrative_v2-session_1-1,['| 帮我看一下这本书定价多少元？'],1,1,"[{""asr_result"": ""帮我看一下这本书定价多少元？"", ""start_time"": 1.0, ""end_time"": 3.285}]"
Peace_Elit,Peace_Elite_back_1022-hpjy001,['| 我现在的位置距离卡车站有多远？能到吗？ |  | 卡车站跳了几个敌人？ |  | 帮我看看队友抽奖抽出什么空投枪了？ |  | 这个敌人的燃烧瓶也丢的太准了吧。 |  | 我手里这把枪用的是什么子弹？ |  | 这两人一起蹲墙角也太阴了吧。 |  | 我这个资源点是哪年新增的 |  | 这把MG3的皮肤叫什么来着 |  | 我开的这车叫什么名字？'],1,1,"[{""asr_result"": ""我现在的位置距离卡车站有多远？能到吗？"", ""start_time"": 1.0, ""end_time"": 4.155}, {""asr_result"": ""卡车站跳了几个敌人？"", ""start_time"": 5.155, ""end_time"": 6.96}, {""asr_result"": ""帮我看看队友抽奖抽出什么空投枪了？"", ""start_time"": 7.96, ""end_time"": 10.781}, {""asr_result"": ""这个敌人的燃烧瓶也丢的太准了吧！"", ""start_time"": 11.781, ""end_time"": 14.992}, {""asr_result"": ""我手里这把枪用的是什么子弹？"", ""start_time"": 15.992, ""end_time"": 18.22}, {""asr_result"": ""这两人一起蹲墙角也太阴了吧。"", ""start_time"": 19.22, ""end_time"": 21.902}, {""asr_result"": ""我这个资源点是哪年新增的？"", ""start_time"": 22.903, ""end_time"": 25.253}, {""asr_result"": ""这把 MG3 的皮肤叫什么来着？"", ""start_time"": 26.253, ""end_time"": 29.311}, {""asr_result"": ""我开的这车叫什么名字？"", ""start_time"": 30.311, ""end_time"": 32.206}]"
Self_aware,Self_awareness_v4-session-10-1,['| 你会唱你咖啡品味有多浓吗？'],1,1,"[{""asr_result"": ""你会唱《你咖啡品味有多浓》吗？"", ""start_time"": 1.0, ""end_time"": 3.484}]"
action_mis,"action_missing-A140&""-""&D140",['| 看看他，给我编个。'],1,1,"[{""asr_result"": ""看看他，给我编个"", ""start_time"": 1.0, ""end_time"": 2.499}]"
cfr_fullvi,cfr_fullvideo_upload-133,['| 我想去看电影应该去几楼？ |  | 停车场在几楼？ |  | 这家商场一共有几楼？'],1,1,"[{""asr_result"": ""我想去看电影，应该去几楼？"", ""start_time"": 1.0, ""end_time"": 3.158}, {""asr_result"": ""停车场在几楼？"", ""start_time"": 4.158, ""end_time"": 5.458}, {""asr_result"": ""这家商场一共有几楼？"", ""start_time"": 6.458, ""end_time"": 8.402}]"
chat_inten,chat_intention_hard_result_fullvideo_upload_Sheet1-v041_多轮意图,['| 哇，豆包，这个跑步机好大呀？ |  | 这个不适合放在家里吧？ |  | 晚上看到那个的话，我会被吓死。'],1,1,"[{""asr_result"": ""哇，豆包，这个跑步机好大呀！"", ""start_time"": 1.0, ""end_time"": 4.409}, {""asr_result"": ""这个不适合放在家里吧？"", ""start_time"": 5.409, ""end_time"": 7.511}, {""asr_result"": ""晚上看到那个的话，我会被吓死。"", ""start_time"": 8.511, ""end_time"": 11.306}]"
count_full,count_fullvideo_upload-12,['| 桌子上有几个笔记本？ |  | 桌上有几个牛奶？'],1,1,"[{""asr_result"": ""桌子上有几个笔记本？"", ""start_time"": 1.0, ""end_time"": 2.949}, {""asr_result"": ""桌上有几个牛奶？"", ""start_time"": 3.949, ""end_time"": 6.177}]"
doubao_Tec,doubao_Technology_exhibits-hhyy197,['| 这个导弹叫什么名字呀 |  | 它的首次展出时间是在什么时候呢？ |  | 这个导弹的发射方式采用了什么技术呢？ |  | 它的拦截目标是什么呢？'],1,1,"[{""asr_result"": ""这个导弹叫什么名字呀？"", ""start_time"": 1.0, ""end_time"": 2.894}, {""asr_result"": ""它的首次展出时间是在什么时候呢？"", ""start_time"": 3.894, ""end_time"": 7.002}, {""asr_result"": ""这个导弹的发射方式采用了什么技术呢？"", ""start_time"": 8.002, ""end_time"": 11.403}, {""asr_result"": ""他的拦截目标是什么呢？"", ""start_time"": 12.403, ""end_time"": 14.486}]"
doubao_ani,doubao_animals_and_plants_not_updated_video-ssthzb0119,['| 这个动物可以在水中呼吸吗？'],1,1,"[{""asr_result"": ""这个动物可以在水中呼吸吗？"", ""start_time"": 1.0, ""end_time"": 3.299}]"
doubao_art,doubao_artworks_and_crafts_video-dbksj049-1,['| 好精致呀，这是哪种金属材质的？'],1,1,"[{""asr_result"": ""好精致呀，这是哪种金属材质的？"", ""start_time"": 1.0, ""end_time"": 4.515}]"
doubao_cel,doubao_celebrity_video-ssthlwzb013,['| 这个纪念馆是为了纪念谁？ |  | 那这个被纪念的人，他是哪一年的进士？ |  | 他在哪一年被派去广东的？'],1,1,"[{""asr_result"": ""这个纪念馆是为了纪念谁？"", ""start_time"": 1.0, ""end_time"": 3.206}, {""asr_result"": ""那这个被纪念的人，他是哪一年的进士？"", ""start_time"": 4.206, ""end_time"": 7.716}, {""asr_result"": ""他在哪一年被派去广东的？"", ""start_time"": 8.716, ""end_time"": 10.782}]"
doubao_cha,doubao_chat_intention_result_fullvideo_upload_video-v006_多轮意图,['| 我准备给好朋友一个生日礼物，你帮我通过我打开的图片告诉我这个礼物的优缺点。第一个礼物的优缺点是什么？ |  | 第二个礼物的优缺点。 |  | 这个呢？ |  | 这个。'],1,1,"[{""asr_result"": ""我准备给好朋友一个生日礼物，你帮我通过我打开的图片告诉我这个礼物的优缺点。第一个礼物的优缺点是什么？"", ""start_time"": 1.0, ""end_time"": 9.872}, {""asr_result"": ""第 2 个礼物的优缺点。"", ""start_time"": 10.872, ""end_time"": 12.628}, {""asr_result"": ""这个呢？"", ""start_time"": 13.628, ""end_time"": 14.428}, {""asr_result"": ""这个。"", ""start_time"": 15.428, ""end_time"": 16.98}]"
doubao_cou,doubao_counterfactual_hard_result_fullvideo_video-v024_反事实拒答,['| 你看这个指压板它大概有多大？ |  | 你看这只铅笔，我用转笔刀削的怎么样，需不需要再把它削尖一点？'],1,1,"[{""asr_result"": ""你看这个指压板，它大概有多大？"", ""start_time"": 1.0, ""end_time"": 3.314}, {""asr_result"": ""你看这支铅笔，我用转笔刀削的怎么样？需不需要再把它削尖一点？"", ""start_time"": 4.314, ""end_time"": 9.476}]"
doubao_del,doubao_delicacy_video-hhyy181,['| 这是在制作什么食物呀？ |  | 那长沙地区的这种食物，它的主要制作食材是什么呀 |  | 它吃起来是什么口感呢？'],1,1,"[{""asr_result"": ""这是在制作什么食物呀？"", ""start_time"": 1.0, ""end_time"": 3.034}, {""asr_result"": ""那长沙地区的这种食物，它的主要制作食材是什么呀？"", ""start_time"": 4.034, ""end_time"": 8.5}, {""asr_result"": ""它吃起来是什么口感呢？"", ""start_time"": 9.5, ""end_time"": 11.511}]"
doubao_exh,doubao_exhibition_of_cultural_relics_video-ssthcs250,['| 这个文物叫什么名字？ |  | 海昏侯墓里一共出土了几件这样的文物？'],1,1,"[{""asr_result"": ""这个文物叫什么名字？"", ""start_time"": 1.0, ""end_time"": 2.606}, {""asr_result"": ""海昏侯墓里一共出土了几件这样的文物？"", ""start_time"": 3.606, ""end_time"": 7.01}]"
doubao_fes,doubao_festival_customs_video-ssthcs263,['| 我正在查干湖，现在这是什么活动啊？'],1,1,"[{""asr_result"": ""我正在查干湖，现在这是什么活动啊？"", ""start_time"": 1.0, ""end_time"": 3.893}]"
doubao_get,doubao_get_to_know_the_game_video-rsyx1084,['| 这个游戏和保卫萝卜好像啊。是一家工作室的产品吗？不是的话，这是哪家出品的啊？ |  | 现在哪种植物可以合成升级啊？ |  | 这个香蕉它需要用几块田地？ |  | 这个粉色的花很漂亮，她在游戏中叫什么？ |  | 我现在还有多少生命值？'],1,1,"[{""asr_result"": ""这个游戏和保卫萝卜好像啊，是一家工作室的产品吗？不是的话，这是哪家出品的啊？"", ""start_time"": 1.0, ""end_time"": 8.713}, {""asr_result"": ""现在哪种植物可以合成升级啊？"", ""start_time"": 9.713, ""end_time"": 12.397}, {""asr_result"": ""这个香蕉它需要用几块田地？"", ""start_time"": 13.397, ""end_time"": 16.275}, {""asr_result"": ""这个粉色的花很漂亮，它在游戏中叫什么？"", ""start_time"": 17.275, ""end_time"": 21.285}, {""asr_result"": ""我现在还有多少生命值？"", ""start_time"": 22.285, ""end_time"": 24.09}]"
doubao_ins,doubao_instruction_following_result_fullvideo_upload_video-v007_回复风格,['| 我在做英语语法填空。帮我翻译一下第61题所在的句子。 |  | 第61题的答案是什么？做题思路是什么？'],1,1,"[{""asr_result"": ""我在做英语语法填空，帮我翻译一下第 61 题所在的句子。"", ""start_time"": 1.0, ""end_time"": 5.918}, {""asr_result"": ""第 61 题的答案是什么？做题思路是什么？"", ""start_time"": 6.918, ""end_time"": 10.598}]"
doubao_lan,doubao_landmark_building_video-ssthzb0244,['| 这个景点叫什么名字？ |  | 这个景点哪年创建的？ |  | 这个景点是谁设计的？'],1,1,"[{""asr_result"": ""这个景点叫什么名字？"", ""start_time"": 1.0, ""end_time"": 3.061}, {""asr_result"": ""这个景点哪年创建的？"", ""start_time"": 4.061, ""end_time"": 6.132}, {""asr_result"": ""这个景点是谁设计的？"", ""start_time"": 7.132, ""end_time"": 9.232}]"
doubao_nat,doubao_natural_landscape_video-gongkun04,['| 这座山在哪个国家？ |  | 这座山主峰海拔多少米？ |  | 这座山有几个主要的登山口？ |  | 这座山是第几个世界文化遗产？ |  | 至今为止这座山在山体形成过程中，大致可以分为几个阶段？ |  | 能够考证这座山喷发年代的最早的文字记录是什么？ |  | 每年的几月份是攀登这座山的最佳季节？ |  | 这座山主要的登山路线有哪些？ |  | 围绕这座山顶火山口走一圈需要多长时间？ |  | 这座山是什么时候列入世界文化遗产的？'],1,1,"[{""asr_result"": ""这座山在哪个国家？"", ""start_time"": 1.0, ""end_time"": 2.952}, {""asr_result"": ""这座山主峰海拔多少米？"", ""start_time"": 3.952, ""end_time"": 6.157}, {""asr_result"": ""这座山有几个主要的登山口？"", ""start_time"": 7.157, ""end_time"": 10.028}, {""asr_result"": ""这座山是第几个世界文化遗产？"", ""start_time"": 11.028, ""end_time"": 13.858}, {""asr_result"": ""至今为止，这座山在山体形成过程中，大致可以分为几个阶段？"", ""start_time"": 14.858, ""end_time"": 20.498}, {""asr_result"": ""能够考证这座山喷发年代的最早的文字记录是什么？"", ""start_time"": 21.498, ""end_time"": 26.196}, {""asr_result"": ""每年的几月份是攀登这座山的最佳季节？"", ""start_time"": 27.196, ""end_time"": 30.603}, {""asr_result"": ""这座山主要的登山路线有哪些？"", ""start_time"": 31.603, ""end_time"": 34.554}, {""asr_result"": ""围绕这座山顶火山口走一圈需要多长时间？"", ""start_time"": 35.554, ""end_time"": 39.132}, {""asr_result"": ""这座山是什么时候列入世界文化遗产的？"", ""start_time"": 40.132, ""end_time"": 43.541}]"
doubao_vid,doubao_video_call_specificity_video-ssthtyx04,['| 眉毛应该怎么画啊，给我详细的步骤 |  | 鼻子应该怎么修容呢'],1,1,"[{""asr_result"": ""眉毛应该怎么画啊？给我详细的步骤。"", ""start_time"": 1.0, ""end_time"": 3.897}, {""asr_result"": ""鼻子应该怎么修容呢？"", ""start_time"": 4.897, ""end_time"": 6.572}]"
education_,education_autoeval-003ffa45c08c98669106e48161aff515967b3e91a0dd258051c8289a2af6e3e1-56,['| 什么意思？你就直接说哪错了嘛，我怎么听不懂？'],1,1,"[{""asr_result"": ""什么意思？你就直接说哪错了嘛，我怎么听不懂？"", ""start_time"": 1.0, ""end_time"": 5.56}]"
frs_fullvi,frs_fullvideo_upload-6,['| 这个题怎么做？ |  | 那这个题怎么做啊？ |  | 那刚才那一页第三列的第一道题怎么做？'],1,1,"[{""asr_result"": ""这个题怎么做？"", ""start_time"": 1.0, ""end_time"": 2.105}, {""asr_result"": ""那这个题怎么做啊？"", ""start_time"": 3.105, ""end_time"": 4.611}, {""asr_result"": ""那刚才那一页第 3 列的第一道题怎么做？"", ""start_time"": 5.611, ""end_time"": 8.683}]"
instructio,instruction_following_hard_result_fullvideo_upload-v039_回复风格,['| 我接下来给你看的题目，你需要按顺序告诉我解题思路、正确的答案和做这道题需要用到的公式，你听明白了吗？ |  | 看这道第2小题。 |  | 帮我看一下这道大题，你直接用英文告诉我解题思路，不要出现任何阿拉伯数字和中文，最后告诉我正确答案是什么，你可以做到吗？ |  | 看这道题。'],1,1,"[{""asr_result"": ""我接下来给你看的题目，你需要按顺序告诉我解题思路、正确的答案和做这道题需要用到的公式，你听明白了吗？"", ""start_time"": 1.0, ""end_time"": 9.811}, {""asr_result"": ""看这道第 2 小题。"", ""start_time"": 10.811, ""end_time"": 12.505}, {""asr_result"": ""帮我看一下这道大题，你直接用英文告诉我解题思路，不要出现任何阿拉伯数字和中文，最后告诉我正确答案是什么，你可以做到吗？"", ""start_time"": 13.505, ""end_time"": 23.956}, {""asr_result"": ""看这道题。"", ""start_time"": 24.955, ""end_time"": 25.905}]"
long_ocr_f,long_ocr_fullvideo_upload-1,['| 帮我读一下第1段。 |  | 帮我提取一下第1段的文字内容。 |  | 给我读一下第2段到第4段的内容。'],1,1,"[{""asr_result"": ""帮我读一下第一段。"", ""start_time"": 1.0, ""end_time"": 2.28}, {""asr_result"": ""帮我提取一下第一段的文字内容。"", ""start_time"": 3.28, ""end_time"": 5.709}, {""asr_result"": ""给我读一下第二段到第四段的内容。"", ""start_time"": 6.709, ""end_time"": 9.57}]"
ocrv1_full,ocrv1_fullvideo_upload-5,['| 帮我把这一行字提取出来。 |  | 最右侧这一列字，帮我全部提取出来。 |  | 请帮我把从右手边数第三列字，全部提取出来。'],1,1,"[{""asr_result"": ""帮我把这一行字提取出来。"", ""start_time"": 1.0, ""end_time"": 2.815}, {""asr_result"": ""最右侧这一列字，帮我全部提取出来。"", ""start_time"": 3.815, ""end_time"": 7.05}, {""asr_result"": ""请帮我把从右手边数第 3 列字全部提取出来。"", ""start_time"": 8.05, ""end_time"": 12.868}]"
ocrv2_full,ocrv2_fullvideo_upload-19,['| 提取这一道题的题目，不需要提取答案。 |  | 这一题我写的答案是什么？ |  | 这道题的题目以及我的答案是什么？'],1,1,"[{""asr_result"": ""提取这一道题的题目，不需要提取答案。"", ""start_time"": 1.0, ""end_time"": 3.956}, {""asr_result"": ""这一题我写的答案是什么？"", ""start_time"": 4.956, ""end_time"": 7.425}, {""asr_result"": ""这道题的题目以及我的答案是什么？"", ""start_time"": 8.425, ""end_time"": 11.532}]"
previous_r,"previous_reference_ambiguity-A10&""-""&D10",['| 这个字怎么读？'],1,1,"[{""asr_result"": ""这个字怎么读？"", ""start_time"": 1.0, ""end_time"": 2.159}]"
related_vi,"related_visual_reference_blur-A1160&""-""&D1160",['| 我操，豆包，那这道题怎么写？'],1,1,"[{""asr_result"": ""卧槽，豆包，那这道题怎么写？"", ""start_time"": 1.0, ""end_time"": 4.009}]"
sfr_fullvi,sfr_fullvideo_upload-163,['| 这个叫什么名字呀？ |  | 这几个字怎么读？ |  | 这个叫什么呀？ |  | 那这个呢？ |  | 这个是什么呀？'],1,1,"[{""asr_result"": ""这个叫什么名字呀？"", ""start_time"": 1.0, ""end_time"": 2.705}, {""asr_result"": ""这几个字怎么读？"", ""start_time"": 3.705, ""end_time"": 4.919}, {""asr_result"": ""这个叫什么呀？"", ""start_time"": 5.919, ""end_time"": 7.188}, {""asr_result"": ""那这个呢？"", ""start_time"": 8.188, ""end_time"": 9.084}, {""asr_result"": ""这个是什么呀？"", ""start_time"": 10.084, ""end_time"": 11.303}]"
spatial_un,spatial_understanding_result_fullvideo_upload-v002_空间理解,['| 你帮我看看淘宝这个APP在手机屏幕的哪个方位啊？ |  | 我想用这个淘宝搜索一下物品，我应该在手机屏幕的哪个地方点击？什么方位？ |  | 如果我想要拍照去搜索某一个东西，我应该点击哪里呀？ |  | 我想买一个蓝色吊带，目前所展示的哪一个更符合我的要求，他具体的位置在哪里？'],1,1,"[{""asr_result"": ""你帮我看看淘宝这个 APP 在手机屏幕的哪个方位啊？"", ""start_time"": 1.0, ""end_time"": 4.683}, {""asr_result"": ""我想用这个淘宝搜索一下物品，我应该在手机屏幕的哪个地方点击？什么方位？"", ""start_time"": 5.683, ""end_time"": 12.049}, {""asr_result"": ""如果我想要拍照去搜索某一个东西，我应该点击哪里呀？"", ""start_time"": 13.049, ""end_time"": 17.941}, {""asr_result"": ""我想买一个蓝色吊带，目前所展示的哪一个更符合我的要求？它具体的位置在哪里？"", ""start_time"": 18.941, ""end_time"": 25.354}]"
subject_mi,"subject_missing-A103&""-""&D103",['| 我天，这么多动物，以后就不成，以后就不愁肉了。'],1,1,"[{""asr_result"": ""我天，这么多动物，以后就不成，以后就不愁肉了。"", ""start_time"": 1.0, ""end_time"": 5.708}]"
tfr_fullvi,tfr_fullvideo_upload-19,['| 我面前的这个是什么呢？ |  | 这是什么物品呀？ |  | 这是可以坐人的吗？ |  | 我眼前的这个是什么？ |  | 刚才第一次出现的的凳子是什么颜色的呢？'],1,1,"[{""asr_result"": ""我面前的这个是什么呢？"", ""start_time"": 1.0, ""end_time"": 2.673}, {""asr_result"": ""这是什么物品呀？"", ""start_time"": 3.673, ""end_time"": 5.171}, {""asr_result"": ""这是可以做人的吗？"", ""start_time"": 6.171, ""end_time"": 7.88}, {""asr_result"": ""我眼前的这个是什么？"", ""start_time"": 8.879, ""end_time"": 10.354}, {""asr_result"": ""刚才第一次出现的的凳子是什么颜色的呢？"", ""start_time"": 11.354, ""end_time"": 14.64}]"
topic_adva,"topic_advancement_intent_ambiguity-A10&""-""&D10",['| 我不知道选啥，所以我才问你的呀。'],1,1,"[{""asr_result"": ""我不知道选啥，所以我才问你的呀。"", ""start_time"": 1.0, ""end_time"": 3.905}]"
topic_deve,"topic_development_direction_is_vague-A672&""-""&D672",['| 我打个电话。'],1,1,"[{""asr_result"": ""我打个电话。"", ""start_time"": 1.0, ""end_time"": 1.946}]"
vlm video飞,vlm video飞书表格上传hdfs—datacard - Sheet7 (1)-3,['| 选择题第五题选什么？ |  | 刚才多选题里的第16小题，该怎么做？'],1,1,"[{""asr_result"": ""选择题第 5 题选什么？"", ""start_time"": 1.0, ""end_time"": 3.039}, {""asr_result"": ""刚才多选题里的第 16 小题该怎么做？"", ""start_time"": 4.039, ""end_time"": 7.54}]"
wangzheron,wangzherongyan-1-v006,['| 对面这是什么英雄？ |  | 这里我可以直接清线了吗，为什么？ |  | 这里我要上去和他抢野怪嘛？ |  | 那我现在可以去清线嘛？ |  | 这里我要去支援龙团嘛？ |  | 我被谁击飞了？ |  | 这三道波是谁的技能？'],1,1,"[{""asr_result"": ""对面这是什么英雄？"", ""start_time"": 1.0, ""end_time"": 2.5}, {""asr_result"": ""这里我可以直接清线了吗？为什么？"", ""start_time"": 3.5, ""end_time"": 6.526}, {""asr_result"": ""这里我要上去和他抢野怪吗？"", ""start_time"": 7.526, ""end_time"": 9.875}, {""asr_result"": ""那我现在可以去青县吗？"", ""start_time"": 10.875, ""end_time"": 12.776}, {""asr_result"": ""这里我要去支援龙团吗？"", ""start_time"": 13.776, ""end_time"": 15.805}, {""asr_result"": ""我被谁击飞了？"", ""start_time"": 16.805, ""end_time"": 18.152}, {""asr_result"": ""这 3 道波是谁的技能？"", ""start_time"": 19.152, ""end_time"": 21.449}]"
word_count,word_counting_result_fullvideo_upload_Sheet1-v010_文字计数,['| 数数红色的字体有多少个字？'],1,1,"[{""asr_result"": ""数数红色的字体有多少个字？"", ""start_time"": 1.0, ""end_time"": 3.484}]"
实时通话自动评测上传,实时通话自动评测上传表0303 - 总上传表0401（去除10轮以上）整合-vidssth008,['| 我身边经过了几个撑伞的行人？ |  | 刚刚绿色广告牌上的电话号码是什么颜色的？ |  | 我现在向正南方行走，你知道星巴克的大门朝向是哪里吗？ |  | 我一共经过了几个十字路口？ |  | 现在我左手边的店铺门朝向哪里？ |  | 20秒前，经过我身边的那个人拿着什么颜色的雨伞？ |  | 刚刚那个拿着黄色雨伞的小姐姐伞把上挂的包是什么颜色的？ |  | 这是哪个地铁站？ |  | 它位于首尔的哪个区？ |  | 从两分钟前到现在，我身边经过了几个撑伞的行人？'],1,1,"[{""asr_result"": ""我身边经过了几个撑伞的行人。"", ""start_time"": 1.0, ""end_time"": 3.484}, {""asr_result"": ""刚刚绿色广告牌上的电话号码是什么颜色的？"", ""start_time"": 4.484, ""end_time"": 7.891}, {""asr_result"": ""我现在向正南方行走，你知道星巴克的大门朝向是哪里吗？"", ""start_time"": 8.891, ""end_time"": 14.001}, {""asr_result"": ""我一共经过了几个十字路口？"", ""start_time"": 15.001, ""end_time"": 17.551}, {""asr_result"": ""现在我左手边的店铺门朝向哪里？"", ""start_time"": 18.551, ""end_time"": 21.384}, {""asr_result"": ""20 秒前经过我身边的那个人拿着什么颜色的雨伞？"", ""start_time"": 22.384, ""end_time"": 26.595}, {""asr_result"": ""刚刚那个拿着黄色雨伞的小姐姐，伞把上挂的包是什么颜色的？"", ""start_time"": 27.595, ""end_time"": 32.316}, {""asr_result"": ""这是哪个地铁站啊？"", ""start_time"": 33.316, ""end_time"": 34.94}, {""asr_result"": ""它位于首尔的哪个区？"", ""start_time"": 35.94, ""end_time"": 37.854}, {""asr_result"": ""从两分钟前到现在，我身边经过了几个撑伞的行人？"", ""start_time"": 38.854, ""end_time"": 43.36}]"
认识游戏-整合视频上,认识游戏-整合视频上传表-1022 - Sheet1-rsyx0253,['| 这是什么游戏 |  | 这个游戏是哪个公司制作的 |  | 这个蓝色的角色是哪个阵营的 |  | 她手上展示的这个武器叫什么 |  | 她手上这个武器的类型是什么'],1,1,"[{""asr_result"": ""这是什么游戏？"", ""start_time"": 1.0, ""end_time"": 2.405}, {""asr_result"": ""这个游戏是哪个公司制作的？"", ""start_time"": 3.405, ""end_time"": 6.002}, {""asr_result"": ""这个蓝色的角色是哪个阵营的？"", ""start_time"": 7.002, ""end_time"": 9.482}, {""asr_result"": ""他手上展示的这个武器叫什么？"", ""start_time"": 10.482, ""end_time"": 12.974}, {""asr_result"": ""他手上这个武器的类型是什么？"", ""start_time"": 13.974, ""end_time"": 16.459}]"
