group_key,example_uttid,missing_texts,missing_count,total_segments,asr_result_raw_example
"ASR-A&""-""&D","ASR-A520&""-""&D520",['| 那你就是，你就是阿飘喽。'],1,1,"[{""asr_result"": ""那你就是你就是阿飘喽。"", ""start_time"": 1.0, ""end_time"": 3.228}]"
"Multiple_round_intent_unclear-A&""-""&D","Multiple_round_intent_unclear-A100&""-""&D100",['| 我不是让你说说答案的时候是 e、 a、 二二 b、 3C、 4D 在每个选项前加上数字吗？'],1,1,"[{""asr_result"": ""我不是让你说说答案的时候是，1A、 2B、 3C、 4D， 在每个选项前加上数字吗？"", ""start_time"": 1.0, ""end_time"": 10.709}]"
Obscured_narrative_v-session_-,Obscured_narrative_v2-session_1-1,['| 帮我看一下这本书定价多少元？'],1,1,"[{""asr_result"": ""帮我看一下这本书定价多少元？"", ""start_time"": 1.0, ""end_time"": 3.285}]"
Peace_Elite_back_-hpjy,Peace_Elite_back_1022-hpjy001,['| 我现在的位置距离卡车站有多远？能到吗？ |  | 卡车站跳了几个敌人？ |  | 帮我看看队友抽奖抽出什么空投枪了？ |  | 这个敌人的燃烧瓶也丢的太准了吧。 |  | 我手里这把枪用的是什么子弹？ |  | 这两人一起蹲墙角也太阴了吧。 |  | 我这个资源点是哪年新增的 |  | 这把MG3的皮肤叫什么来着 |  | 我开的这车叫什么名字？'],1,1,"[{""asr_result"": ""我现在的位置距离卡车站有多远？能到吗？"", ""start_time"": 1.0, ""end_time"": 4.155}, {""asr_result"": ""卡车站跳了几个敌人？"", ""start_time"": 5.155, ""end_time"": 6.96}, {""asr_result"": ""帮我看看队友抽奖抽出什么空投枪了？"", ""start_time"": 7.96, ""end_time"": 10.781}, {""asr_result"": ""这个敌人的燃烧瓶也丢的太准了吧！"", ""start_time"": 11.781, ""end_time"": 14.992}, {""asr_result"": ""我手里这把枪用的是什么子弹？"", ""start_time"": 15.992, ""end_time"": 18.22}, {""asr_result"": ""这两人一起蹲墙角也太阴了吧。"", ""start_time"": 19.22, ""end_time"": 21.902}, {""asr_result"": ""我这个资源点是哪年新增的？"", ""start_time"": 22.903, ""end_time"": 25.253}, {""asr_result"": ""这把 MG3 的皮肤叫什么来着？"", ""start_time"": 26.253, ""end_time"": 29.311}, {""asr_result"": ""我开的这车叫什么名字？"", ""start_time"": 30.311, ""end_time"": 32.206}]"
Self_awareness_v-session--,Self_awareness_v4-session-10-1,['| 你会唱你咖啡品味有多浓吗？'],1,1,"[{""asr_result"": ""你会唱《你咖啡品味有多浓》吗？"", ""start_time"": 1.0, ""end_time"": 3.484}]"
"action_missing-A&""-""&D","action_missing-A140&""-""&D140",['| 看看他，给我编个。'],1,1,"[{""asr_result"": ""看看他，给我编个"", ""start_time"": 1.0, ""end_time"": 2.499}]"
cfr_fullvideo_upload-,cfr_fullvideo_upload-133,['| 我想去看电影应该去几楼？ |  | 停车场在几楼？ |  | 这家商场一共有几楼？'],1,1,"[{""asr_result"": ""我想去看电影，应该去几楼？"", ""start_time"": 1.0, ""end_time"": 3.158}, {""asr_result"": ""停车场在几楼？"", ""start_time"": 4.158, ""end_time"": 5.458}, {""asr_result"": ""这家商场一共有几楼？"", ""start_time"": 6.458, ""end_time"": 8.402}]"
chat_intention_hard_result_fullvideo_upload_Sheet-v_多轮意图,chat_intention_hard_result_fullvideo_upload_Sheet1-v041_多轮意图,['| 哇，豆包，这个跑步机好大呀？ |  | 这个不适合放在家里吧？ |  | 晚上看到那个的话，我会被吓死。'],1,1,"[{""asr_result"": ""哇，豆包，这个跑步机好大呀！"", ""start_time"": 1.0, ""end_time"": 4.409}, {""asr_result"": ""这个不适合放在家里吧？"", ""start_time"": 5.409, ""end_time"": 7.511}, {""asr_result"": ""晚上看到那个的话，我会被吓死。"", ""start_time"": 8.511, ""end_time"": 11.306}]"
count_fullvideo_upload-,count_fullvideo_upload-12,['| 桌子上有几个笔记本？ |  | 桌上有几个牛奶？'],1,1,"[{""asr_result"": ""桌子上有几个笔记本？"", ""start_time"": 1.0, ""end_time"": 2.949}, {""asr_result"": ""桌上有几个牛奶？"", ""start_time"": 3.949, ""end_time"": 6.177}]"
doubao_Technology_exhibits-dbksj,doubao_Technology_exhibits-dbksj081,['| 好有意境啊，这个作品叫什么名字？ |  | 这个作品的创作者是谁？'],1,1,"[{""asr_result"": ""好有意境啊，这个作品叫什么名字？"", ""start_time"": 1.0, ""end_time"": 4.303}, {""asr_result"": ""这个作品的创作者是谁？"", ""start_time"": 5.303, ""end_time"": 7.589}]"
doubao_Technology_exhibits-gongkun,doubao_Technology_exhibits-gongkun09,['| 这个机器人叫什么名字? |  | 这个机器人在什么场合首次进入公众视野？ |  | 这个机器人预计售价是多少钱？ |  | 这个机器人的设计目标是什么？ |  | 这个机器人的制作公司是哪个国家的？ |  | 这个机器人是哪个公司开发的？ |  | 这个机器人截至2025年7月发表了哪几代？？ |  | 这个机器人身高有多高？'],1,1,"[{""asr_result"": ""这个机器人叫什么名字？"", ""start_time"": 1.0, ""end_time"": 2.945}, {""asr_result"": ""这个机器人在什么场合首次进入公众视野？"", ""start_time"": 3.945, ""end_time"": 7.743}, {""asr_result"": ""这个机器人预计售价是多少钱？"", ""start_time"": 8.743, ""end_time"": 11.291}, {""asr_result"": ""这个机器人的设计目标是什么？"", ""start_time"": 12.291, ""end_time"": 14.765}, {""asr_result"": ""这个机器人的制作公司是哪个国家的？"", ""start_time"": 15.765, ""end_time"": 18.764}, {""asr_result"": ""这个机器人是哪个公司开发的？"", ""start_time"": 19.764, ""end_time"": 22.188}, {""asr_result"": ""这个机器人截至 2025 年 7 月发表了哪几代？"", ""start_time"": 23.188, ""end_time"": 27.149}, {""asr_result"": ""这个机器人身高有多高？"", ""start_time"": 28.149, ""end_time"": 30.228}]"
doubao_Technology_exhibits-hhyy,doubao_Technology_exhibits-hhyy197,['| 这个导弹叫什么名字呀 |  | 它的首次展出时间是在什么时候呢？ |  | 这个导弹的发射方式采用了什么技术呢？ |  | 它的拦截目标是什么呢？'],1,1,"[{""asr_result"": ""这个导弹叫什么名字呀？"", ""start_time"": 1.0, ""end_time"": 2.894}, {""asr_result"": ""它的首次展出时间是在什么时候呢？"", ""start_time"": 3.894, ""end_time"": 7.002}, {""asr_result"": ""这个导弹的发射方式采用了什么技术呢？"", ""start_time"": 8.002, ""end_time"": 11.403}, {""asr_result"": ""他的拦截目标是什么呢？"", ""start_time"": 12.403, ""end_time"": 14.486}]"
doubao_Technology_exhibits-ssthcs,doubao_Technology_exhibits-ssthcs087,['| 这是什么机器啊？'],1,1,"[{""asr_result"": ""这是什么机器啊？"", ""start_time"": 1.0, ""end_time"": 2.548}]"
doubao_Technology_exhibits-ssthlwzb,doubao_Technology_exhibits-ssthlwzb315,['| 这是什么型号的驱逐舰？ |  | 这个驱逐舰是以哪个城市命名的？ |  | 这个驱逐舰是哪一年正式加入我国海军战斗序列的？ |  | 这个驱逐舰现服役于海军驱逐舰的第几支队？'],1,1,"[{""asr_result"": ""这是什么型号的驱逐舰？"", ""start_time"": 1.0, ""end_time"": 3.07}, {""asr_result"": ""这个驱逐舰是以哪个城市命名的？"", ""start_time"": 4.07, ""end_time"": 7.065}, {""asr_result"": ""这个驱逐舰是哪一年正式加入我国海军战斗序列的？"", ""start_time"": 8.065, ""end_time"": 12.546}, {""asr_result"": ""这个驱逐舰现服役于海军驱逐舰的第几支队？"", ""start_time"": 13.546, ""end_time"": 17.849}]"
doubao_Technology_exhibits-ssthzbv,doubao_Technology_exhibits-ssthzbv30296,['| 这个汽车品牌在6月份发布的车叫什么名字 |  | 最右边这个标志是什么意思呀'],1,1,"[{""asr_result"": ""这个汽车品牌在 6 月份发布的车叫什么名字？"", ""start_time"": 1.0, ""end_time"": 4.806}, {""asr_result"": ""最右边这个标志是什么意思呀？"", ""start_time"": 5.806, ""end_time"": 8.434}]"
doubao_Technology_exhibits-vidssth,doubao_Technology_exhibits-vidssth032,['| 这个对钩形状的logo是什么品牌？ |  | 我逛的这个商场叫什么名字？ |  | 前面两只小鹿logo的品牌的中文名字是什么？'],1,1,"[{""asr_result"": ""这个对勾形状的 LOGO 是什么品牌？"", ""start_time"": 1.0, ""end_time"": 3.602}, {""asr_result"": ""我逛的这个商场叫什么名字？"", ""start_time"": 4.602, ""end_time"": 6.714}, {""asr_result"": ""前面两只小鹿 LOGO 的品牌的中文名字是什么？"", ""start_time"": 7.714, ""end_time"": 12.037}]"
doubao_animals_and_plants_not_updated_video-hhyy,doubao_animals_and_plants_not_updated_video-hhyy168,['| 这是什么动物呀 |  | 这个动物属于什么属呢 |  | 它有几个亚种呢 |  | 这个动物是中国的几级保护野生动物呢 |  | 它主要分布在哪些省呢'],1,1,"[{""asr_result"": ""这是什么动物呀？"", ""start_time"": 1.0, ""end_time"": 2.635}, {""asr_result"": ""这个动物属于什么属呢？"", ""start_time"": 3.635, ""end_time"": 5.713}, {""asr_result"": ""它有几个亚种呢？"", ""start_time"": 6.713, ""end_time"": 8.346}, {""asr_result"": ""这个动物是中国的几级保护野生动物呢？"", ""start_time"": 9.346, ""end_time"": 13.226}, {""asr_result"": ""它主要分布在哪些省呢？"", ""start_time"": 14.226, ""end_time"": 16.293}]"
doubao_animals_and_plants_not_updated_video-lxsp,doubao_animals_and_plants_not_updated_video-lxsp0174,['| 正在抽烟的是啥动物？'],1,1,"[{""asr_result"": ""正在抽烟的是啥动物？"", ""start_time"": 1.0, ""end_time"": 2.898}]"
doubao_animals_and_plants_not_updated_video-ssthcs,doubao_animals_and_plants_not_updated_video-ssthcs264,['| 这是什么动物？'],1,1,"[{""asr_result"": ""这是什么动物？"", ""start_time"": 1.0, ""end_time"": 2.424}]"
doubao_animals_and_plants_not_updated_video-ssthlwzb,doubao_animals_and_plants_not_updated_video-ssthlwzb0018,['| 奥斯卡这个狗是什么品种？ |  | 呀，这个黑耳朵的狗是什么品种'],1,1,"[{""asr_result"": ""奥斯卡这个狗是什么品种？"", ""start_time"": 1.0, ""end_time"": 3.215}, {""asr_result"": ""这个黑耳朵的狗是什么品种？"", ""start_time"": 4.215, ""end_time"": 6.963}]"
doubao_animals_and_plants_not_updated_video-ssthlwzbx,doubao_animals_and_plants_not_updated_video-ssthlwzbx042,['| 好奇怪的长相呀，这是啥动物？ |  | 这是啥动物？好萌呀！ |  | 这是啥动物？有点像牛 |  | 这是什么鸟啊？'],1,1,"[{""asr_result"": ""好奇怪的长相呀，这是啥动物？"", ""start_time"": 1.0, ""end_time"": 4.104}, {""asr_result"": ""这是啥动物？好萌呀！"", ""start_time"": 5.104, ""end_time"": 7.882}, {""asr_result"": ""这是啥动物？有点像牛。"", ""start_time"": 8.882, ""end_time"": 11.442}, {""asr_result"": ""这是什么鸟啊？"", ""start_time"": 12.442, ""end_time"": 14.117}]"
doubao_animals_and_plants_not_updated_video-ssthzb,doubao_animals_and_plants_not_updated_video-ssthzb0119,['| 这个动物可以在水中呼吸吗？'],1,1,"[{""asr_result"": ""这个动物可以在水中呼吸吗？"", ""start_time"": 1.0, ""end_time"": 3.299}]"
doubao_animals_and_plants_not_updated_video-vidssth,doubao_animals_and_plants_not_updated_video-vidssth0114,['| 左边银色车上一盆一盆的是什么？ |  | 再看看我左前方那些长条状的是啥水果？ |  | 你知道我现在进入的这个地铁站叫什么名字吗？'],1,1,"[{""asr_result"": ""左边银色车上一盆一盆的是什么？"", ""start_time"": 1.0, ""end_time"": 4.284}, {""asr_result"": ""再看看我左前方那些长条状的是啥水果？"", ""start_time"": 5.284, ""end_time"": 9.183}, {""asr_result"": ""你知道我现在进入的这个地铁站叫什么名字吗？"", ""start_time"": 10.183, ""end_time"": 13.532}]"
doubao_artworks_and_crafts_video-dbksj-,doubao_artworks_and_crafts_video-dbksj049-1,['| 好精致呀，这是哪种金属材质的？'],1,1,"[{""asr_result"": ""好精致呀，这是哪种金属材质的？"", ""start_time"": 1.0, ""end_time"": 4.515}]"
doubao_artworks_and_crafts_video-gongkun-,doubao_artworks_and_crafts_video-gongkun06-3,['| 这幅画的作者属于哪个油画流派？'],1,1,"[{""asr_result"": ""这幅画的作者属于哪个油画流派？"", ""start_time"": 1.0, ""end_time"": 3.919}]"
doubao_artworks_and_crafts_video-hhyy-,doubao_artworks_and_crafts_video-hhyy190-1,['| 这幅画叫什么名字呀'],1,1,"[{""asr_result"": ""这幅画叫什么名字呀？"", ""start_time"": 1.0, ""end_time"": 3.099}]"
doubao_artworks_and_crafts_video-jingjing-,doubao_artworks_and_crafts_video-jingjing03-1,['| 这尊雕像现收藏于哪？'],1,1,"[{""asr_result"": ""这尊雕像现收藏于哪？"", ""start_time"": 1.0, ""end_time"": 3.277}]"
doubao_artworks_and_crafts_video-lxsp-,doubao_artworks_and_crafts_video-lxsp0166-1,['| 这个高大雕塑叫啥名字'],1,1,"[{""asr_result"": ""这个高大雕塑叫啥名字？"", ""start_time"": 1.0, ""end_time"": 3.485}]"
doubao_artworks_and_crafts_video-ssthcs-,doubao_artworks_and_crafts_video-ssthcs248-1,['| 这是什么民族的服饰呀？'],1,1,"[{""asr_result"": ""这是什么民族的服饰呀？"", ""start_time"": 1.0, ""end_time"": 2.905}]"
doubao_artworks_and_crafts_video-ssthlwzb-,doubao_artworks_and_crafts_video-ssthlwzb011-1,['| 这种形式的画，它的主要制作材料中，起到黏合作用的是哪种物质？'],1,1,"[{""asr_result"": ""这种形式的画，它的主要制作材料中起到粘合作用的是哪种物质？"", ""start_time"": 1.0, ""end_time"": 7.216}]"
doubao_artworks_and_crafts_video-ssthlwzbx-,doubao_artworks_and_crafts_video-ssthlwzbx062-1,['| 这个雕塑的名字叫什么？'],1,1,"[{""asr_result"": ""这个雕塑的名字叫什么？"", ""start_time"": 1.0, ""end_time"": 3.222}]"
doubao_artworks_and_crafts_video-ssthzbv-,doubao_artworks_and_crafts_video-ssthzbv10239-1,['| 这个男人穿的衣服是哪个品牌的'],1,1,"[{""asr_result"": ""这个男人穿的衣服是哪个品牌的？"", ""start_time"": 1.0, ""end_time"": 3.597}]"
doubao_artworks_and_crafts_video-vidssth-,doubao_artworks_and_crafts_video-vidssth036-3,['| 墙上是他画的哪副作品？'],1,1,"[{""asr_result"": ""墙上是他画的哪幅作品？"", ""start_time"": 1.0, ""end_time"": 3.301}]"
doubao_celebrity_video-dbdnksj,doubao_celebrity_video-dbdnksj1003,['| 这个故居哪位皇帝居住过 |  | 室内展览的主人公是从哪栋建筑搬过来的 |  | 和主人公闹离婚登报纸的人是谁 |  | 展览的主人公曾经在哪个军事法庭作为证人出席 |  | 展览的主人公最终在哪个城市去世的'],1,1,"[{""asr_result"": ""这个故居哪位皇帝居住过？"", ""start_time"": 1.0, ""end_time"": 3.626}, {""asr_result"": ""室内展览的主人公是从哪栋建筑搬过来的？"", ""start_time"": 4.626, ""end_time"": 8.027}, {""asr_result"": ""和主人公闹离婚登报纸的人是谁？"", ""start_time"": 9.027, ""end_time"": 11.767}, {""asr_result"": ""展览的主人公曾经在哪个军事法庭作为证人出席？"", ""start_time"": 12.767, ""end_time"": 16.971}, {""asr_result"": ""展览的主人公最终在哪个城市去世的？"", ""start_time"": 17.971, ""end_time"": 21.08}]"
doubao_celebrity_video-dbksj,doubao_celebrity_video-dbksj061,['| 这是谁？ |  | 出生在哪个城市？ |  | 他的第一首歌是什么？'],1,1,"[{""asr_result"": ""这是谁？"", ""start_time"": 1.0, ""end_time"": 1.9}, {""asr_result"": ""出生在哪个城市？"", ""start_time"": 2.9, ""end_time"": 4.325}, {""asr_result"": ""他的第一首歌是什么？"", ""start_time"": 5.325, ""end_time"": 7.037}]"
doubao_celebrity_video-hhyy,doubao_celebrity_video-hhyy160,['| 这个故居的主人是什么朝代的人呢？ |  | 他的出生日期是什么时候呢？ |  | 他是属于什么流派的诗人呢？ |  | 这个故居的主人是为了避什么乱事而入蜀来修建的呢 |  | 那这个故居又是在哪一年被公布为第一批全国重点文物保护单位的？ |  | 我准备8月底去玩，那这个月它的开放时间是什么时候？ |  | 门票价格是多少呢？'],1,1,"[{""asr_result"": ""这个故居的主人是什么朝代的人呢？"", ""start_time"": 1.0, ""end_time"": 4.403}, {""asr_result"": ""他的出生日期是什么时候呢？"", ""start_time"": 5.403, ""end_time"": 7.704}, {""asr_result"": ""他是属于什么流派的诗人呢？"", ""start_time"": 8.703, ""end_time"": 10.988}, {""asr_result"": ""这个故居的主人是为了避什么乱世而入蜀来修建的呢？"", ""start_time"": 11.988, ""end_time"": 16.898}, {""asr_result"": ""那这个故居又是在哪一年被公布为第一批全国重点文物保护单位的？"", ""start_time"": 17.898, ""end_time"": 23.708}, {""asr_result"": ""我准备 8 月底去玩，那这个月它的开放时间是什么时候？"", ""start_time"": 24.708, ""end_time"": 29.212}, {""asr_result"": ""门票价格是多少呢？"", ""start_time"": 30.212, ""end_time"": 32.223}]"
doubao_celebrity_video-jingjing,doubao_celebrity_video-jingjing10,['| 这是谁的雕像？ |  | 他逝世的时候享年多少岁呀？ |  | 这个雕像高多少米？ |  | 这个雕像哪一年建造的？ |  | 雕像位于哪个县？'],1,1,"[{""asr_result"": ""这是谁的雕像？"", ""start_time"": 1.0, ""end_time"": 2.425}, {""asr_result"": ""他逝世的时候享年多少岁啊？"", ""start_time"": 3.425, ""end_time"": 5.832}, {""asr_result"": ""这个雕像高多少米？"", ""start_time"": 6.832, ""end_time"": 8.326}, {""asr_result"": ""这个雕像哪一年建造的？"", ""start_time"": 9.326, ""end_time"": 11.214}, {""asr_result"": ""雕像位于哪个县？"", ""start_time"": 12.214, ""end_time"": 13.808}]"
doubao_celebrity_video-ssthlwzb,doubao_celebrity_video-ssthlwzb013,['| 这个纪念馆是为了纪念谁？ |  | 那这个被纪念的人，他是哪一年的进士？ |  | 他在哪一年被派去广东的？'],1,1,"[{""asr_result"": ""这个纪念馆是为了纪念谁？"", ""start_time"": 1.0, ""end_time"": 3.206}, {""asr_result"": ""那这个被纪念的人，他是哪一年的进士？"", ""start_time"": 4.206, ""end_time"": 7.716}, {""asr_result"": ""他在哪一年被派去广东的？"", ""start_time"": 8.716, ""end_time"": 10.782}]"
doubao_celebrity_video-ssthzb,doubao_celebrity_video-ssthzb0189,['| 嗨你好，你可以看出来他在模仿哪一位诗人吗？'],1,1,"[{""asr_result"": ""嗨，你好。你可以看出来他在模仿哪一位诗人吗？"", ""start_time"": 1.0, ""end_time"": 4.902}]"
doubao_chat_intention_result_fullvideo_upload_video-v_多轮意图,doubao_chat_intention_result_fullvideo_upload_video-v006_多轮意图,['| 我准备给好朋友一个生日礼物，你帮我通过我打开的图片告诉我这个礼物的优缺点。第一个礼物的优缺点是什么？ |  | 第二个礼物的优缺点。 |  | 这个呢？ |  | 这个。'],1,1,"[{""asr_result"": ""我准备给好朋友一个生日礼物，你帮我通过我打开的图片告诉我这个礼物的优缺点。第一个礼物的优缺点是什么？"", ""start_time"": 1.0, ""end_time"": 9.872}, {""asr_result"": ""第 2 个礼物的优缺点。"", ""start_time"": 10.872, ""end_time"": 12.628}, {""asr_result"": ""这个呢？"", ""start_time"": 13.628, ""end_time"": 14.428}, {""asr_result"": ""这个。"", ""start_time"": 15.428, ""end_time"": 16.98}]"
doubao_counterfactual_hard_result_fullvideo_video-v_反事实拒答,doubao_counterfactual_hard_result_fullvideo_video-v024_反事实拒答,['| 你看这个指压板它大概有多大？ |  | 你看这只铅笔，我用转笔刀削的怎么样，需不需要再把它削尖一点？'],1,1,"[{""asr_result"": ""你看这个指压板，它大概有多大？"", ""start_time"": 1.0, ""end_time"": 3.314}, {""asr_result"": ""你看这支铅笔，我用转笔刀削的怎么样？需不需要再把它削尖一点？"", ""start_time"": 4.314, ""end_time"": 9.476}]"
doubao_counterfactual_result_fullvideo_upload_video-v_反事实拒答,doubao_counterfactual_result_fullvideo_upload_video-v006_反事实拒答,['| 我想送给朋友一个生日礼物，你帮我看看是这个小狗的玩偶更可爱还是这个小猪的玩偶更可爱？ |  | 你帮我看一看这两个桃子，哪个更熟一点，更甜一点？ |  | 你看看窗外，今天的天气我穿什么出门比较合适？ |  | 鞋子呢，这两双鞋哪一个和我今天的衣服更搭？ |  | 我的朋友喜欢吃甜食，你能帮我想想晚上带她去吃什么菜比较好吗？'],1,1,"[{""asr_result"": ""我想送给朋友一个生日礼物，你帮我看看，是这个小狗的玩偶更可爱，还是这个小猪的玩偶更可爱？"", ""start_time"": 1.0, ""end_time"": 8.459}, {""asr_result"": ""你帮我看一看这两个桃子，哪个更熟一点，更甜一点？"", ""start_time"": 9.459, ""end_time"": 13.296}, {""asr_result"": ""你看看窗外，今天的天气我穿什么出门比较合适？"", ""start_time"": 14.296, ""end_time"": 18.109}, {""asr_result"": ""鞋子呢？这两双鞋哪一个和我今天的衣服更搭？"", ""start_time"": 19.109, ""end_time"": 23.222}, {""asr_result"": ""我的朋友喜欢吃甜食，你能帮我想想晚上带他去吃什么菜比较好吗？"", ""start_time"": 24.222, ""end_time"": 29.576}]"
doubao_delicacy_video-dbdnksj,doubao_delicacy_video-dbdnksj1602,['| 右边的肉是牛的哪个部位 |  | 这个贝壳形状的蛋糕叫什么名字'],1,1,"[{""asr_result"": ""右边的肉是牛的哪个部位？"", ""start_time"": 1.0, ""end_time"": 3.546}, {""asr_result"": """", ""start_time"": 4.546, ""end_time"": 7.253}]"
doubao_delicacy_video-dbksj,doubao_delicacy_video-dbksj024,['| 这是啥呀，看起来就很好吃'],1,1,"[{""asr_result"": ""这是啥呀？看起来就很好吃。"", ""start_time"": 1.0, ""end_time"": 3.807}]"
doubao_delicacy_video-hhyy,doubao_delicacy_video-hhyy181,['| 这是在制作什么食物呀？ |  | 那长沙地区的这种食物，它的主要制作食材是什么呀 |  | 它吃起来是什么口感呢？'],1,1,"[{""asr_result"": ""这是在制作什么食物呀？"", ""start_time"": 1.0, ""end_time"": 3.034}, {""asr_result"": ""那长沙地区的这种食物，它的主要制作食材是什么呀？"", ""start_time"": 4.034, ""end_time"": 8.5}, {""asr_result"": ""它吃起来是什么口感呢？"", ""start_time"": 9.5, ""end_time"": 11.511}]"
doubao_delicacy_video-ssthlwzb,doubao_delicacy_video-ssthlwzb303,['| 这个是在制作什么美食？ |  | 它的这个外皮是用什么为原料调和而成的？ |  | 这个小吃起源于哪个市？'],1,1,"[{""asr_result"": """", ""start_time"": 1.0, ""end_time"": 3.149}, {""asr_result"": ""它的这个外皮是用什么为原料调和而成的？"", ""start_time"": 4.149, ""end_time"": 7.646}, {""asr_result"": ""这个小吃起源于哪个市？"", ""start_time"": 8.646, ""end_time"": 11.046}]"
doubao_delicacy_video-ssthzbv,doubao_delicacy_video-ssthzbv34048,['| 我特别喜欢吃用椰子做的东西，这个5包零食你会推荐我买哪一包？ |  | 这个东西在我国的主要产区是哪个省呀？'],1,1,"[{""asr_result"": ""我特别喜欢吃用椰子做的东西，这个 5 包零食，你会推荐我买哪一包？"", ""start_time"": 1.0, ""end_time"": 5.928}, {""asr_result"": ""这个东西在我国的主要产区是哪个省呀？"", ""start_time"": 6.928, ""end_time"": 10.013}]"
doubao_delicacy_video-zhangrui,doubao_delicacy_video-zhangrui02,['| 这家店是卖什么的呀？ |  | 可丽饼是起源于哪个国家呢？'],1,1,"[{""asr_result"": ""这家店是卖什么的呀？"", ""start_time"": 1.0, ""end_time"": 2.68}, {""asr_result"": ""可丽饼是起源于哪个国家呢？"", ""start_time"": 3.68, ""end_time"": 6.12}]"
doubao_exhibition_of_cultural_relics_video-dbksj,doubao_exhibition_of_cultural_relics_video-dbksj005,['| 这是越王勾践剑吗 |  | 那你介绍一下这把剑的来历吧 |  | 诶，这是什么文物 |  | 里面还有人物，看起来很精致，它是用了什么铸造工艺啊'],1,1,"[{""asr_result"": ""这是越王勾践剑吗？"", ""start_time"": 1.0, ""end_time"": 2.747}, {""asr_result"": ""那你介绍一下这把剑的来历吧。"", ""start_time"": 3.747, ""end_time"": 6.046}, {""asr_result"": ""哎，这是什么文物？"", ""start_time"": 7.047, ""end_time"": 8.873}, {""asr_result"": ""里面还有人物，看起来很精致。它是用了什么铸造工艺啊？"", ""start_time"": 9.873, ""end_time"": 14.95}]"
doubao_exhibition_of_cultural_relics_video-hhyy,doubao_exhibition_of_cultural_relics_video-hhyy150,['| 这个展品的官方名称是是什么呢？ |  | 它的人像高是多少cm呢？ |  | 是在哪一年出土的呢？ |  | 他是在哪个省出土的呀 |  | 又是在哪一年被国家文物局列入《第三批禁止出境展览文物目录》的呢 |  | 目前的话收藏在哪个博物馆啊'],1,1,"[{""asr_result"": ""这个展品的官方名称是是什么呢？"", ""start_time"": 1.0, ""end_time"": 3.959}, {""asr_result"": ""他的人像高是多少 cm 呢？"", ""start_time"": 4.959, ""end_time"": 7.159}, {""asr_result"": ""是在哪一年出土的呢？"", ""start_time"": 8.159, ""end_time"": 9.863}, {""asr_result"": ""它是在哪个省出土的呀？"", ""start_time"": 10.863, ""end_time"": 12.757}, {""asr_result"": ""又是在哪一年被国家文物局列入第三批禁止出境展览文物目录的呢？"", ""start_time"": 13.757, ""end_time"": 19.587}, {""asr_result"": ""目前的话，收藏在哪个博物馆啊？"", ""start_time"": 20.587, ""end_time"": 23.37}]"
doubao_exhibition_of_cultural_relics_video-jingjing,doubao_exhibition_of_cultural_relics_video-jingjing02,['| 这幅画由谁设计策划的？ |  | 这幅作品的上卷长多少？ |  | 上卷历时多少年创作完成？ |  | 由哪几个省的画家来绘画？'],1,1,"[{""asr_result"": ""这幅画由谁设计策划的？"", ""start_time"": 1.0, ""end_time"": 3.806}, {""asr_result"": ""这幅作品的上卷长多少？"", ""start_time"": 4.806, ""end_time"": 7.163}, {""asr_result"": ""《上卷》历时多少年创作完成？"", ""start_time"": 8.163, ""end_time"": 11.264}, {""asr_result"": ""有哪几个省的画家来绘画？"", ""start_time"": 12.264, ""end_time"": 14.369}]"
doubao_exhibition_of_cultural_relics_video-ssthcs,doubao_exhibition_of_cultural_relics_video-ssthcs250,['| 这个文物叫什么名字？ |  | 海昏侯墓里一共出土了几件这样的文物？'],1,1,"[{""asr_result"": ""这个文物叫什么名字？"", ""start_time"": 1.0, ""end_time"": 2.606}, {""asr_result"": ""海昏侯墓里一共出土了几件这样的文物？"", ""start_time"": 3.606, ""end_time"": 7.01}]"
doubao_exhibition_of_cultural_relics_video-ssthlwzb,doubao_exhibition_of_cultural_relics_video-ssthlwzb0023,['| 这是什么景点？ |  | 这个叫什么？ |  | 这个是什么材质的？ |  | 这个博物馆几点停止入馆呀？ |  | 这个博物馆位于北京哪个区？'],1,1,"[{""asr_result"": ""这是什么景点？"", ""start_time"": 1.0, ""end_time"": 2.304}, {""asr_result"": ""这个叫什么？"", ""start_time"": 3.304, ""end_time"": 4.396}, {""asr_result"": ""这个是什么材质的？"", ""start_time"": 5.396, ""end_time"": 7.073}, {""asr_result"": ""这个博物馆几点停止入馆呀？"", ""start_time"": 8.073, ""end_time"": 10.782}, {""asr_result"": ""这个博物馆位于北京哪个区？"", ""start_time"": 11.782, ""end_time"": 14.412}]"
doubao_exhibition_of_cultural_relics_video-ssthzb,doubao_exhibition_of_cultural_relics_video-ssthzb0002,['| 这幅画是哪幅名画的仿品？ |  | 它的作者又是谁？'],1,1,"[{""asr_result"": ""这幅画是哪幅名画的仿品？"", ""start_time"": 1.0, ""end_time"": 3.508}, {""asr_result"": ""它的作者又是谁？"", ""start_time"": 4.508, ""end_time"": 5.986}]"
doubao_exhibition_of_cultural_relics_video-ssthzbv,doubao_exhibition_of_cultural_relics_video-ssthzbv33200,['| 这个馆一进来是第几层呀 |  | 我对这个展厅很感兴趣，你简单给我介绍一下吧 |  | 现在是2点20，你给我安排一个能免费听讲解的游览路线吧 |  | 那我直接去第五展厅吧，现在怎么走呀 |  | 哇这里好震撼，我想拍照发朋友圈，快帮我想个文案 |  | 结合刚刚我问过的展厅信息，你推荐我从哪个展览单元看起呢 |  | 我接下来还可以在这个展厅里玩哪些互动场景呀 |  | 模拟占卜区域怎么走啊 |  | 今天真是收获满满啊，你再帮我写个小红书文案吧 |  | 有点想去卫生间了，待会我出了展厅怎么走呀'],1,1,"[{""asr_result"": ""这个管一进来是第几层呀？"", ""start_time"": 1.0, ""end_time"": 3.695}, {""asr_result"": ""我对这个展厅很感兴趣，你简单给我介绍一下吧。"", ""start_time"": 4.695, ""end_time"": 8.526}, {""asr_result"": ""现在是 2:20，你给我安排一个能免费听讲解的游览路线吧。"", ""start_time"": 9.526, ""end_time"": 14.947}, {""asr_result"": ""那我直接去第 5 展厅吧，现在怎么走呀？"", ""start_time"": 15.947, ""end_time"": 19.041}, {""asr_result"": ""哇，这里好震撼，我想拍照发朋友圈，快帮我想个文案。"", ""start_time"": 20.041, ""end_time"": 24.931}, {""asr_result"": ""结合刚刚我问过的展厅信息，你推荐我从哪个展览单元看起呢？"", ""start_time"": 25.932, ""end_time"": 31.38}, {""asr_result"": ""我接下来还可以在这个展厅里玩哪些互动场景呀？"", ""start_time"": 32.38, ""end_time"": 36.02}, {""asr_result"": ""模拟占卜区域怎么走啊？"", ""start_time"": 37.02, ""end_time"": 39.254}, {""asr_result"": ""今天真是收获满满啊，你再帮我写个小红书文案吧。"", ""start_time"": 40.254, ""end_time"": 44.174}, {""asr_result"": ""有点想去卫生间了，待会我出了展厅怎么走呀？"", ""start_time"": 45.174, ""end_time"": 49.056}]"
doubao_festival_customs_video-bpossthzb,doubao_festival_customs_video-bpossthzb0021,['| 这人上台给他俩脖子上戴的是什么？'],1,1,"[{""asr_result"": """", ""start_time"": 1.0, ""end_time"": 3.905}]"
doubao_festival_customs_video-dbdnksj,doubao_festival_customs_video-dbdnksj1008,['| 这是天津津南区哪个镇的庙会 |  | 这个庙会叫什么 |  | 这个庙会是谁的祭典仪式 |  | 庙会是农历哪天正式开始 |  | 庙会哪年被列入国家级非物质文化遗产'],1,1,"[{""asr_result"": ""这是天津津南区哪个镇的庙会？"", ""start_time"": 1.0, ""end_time"": 4.029}, {""asr_result"": ""这个庙会叫什么？"", ""start_time"": 5.029, ""end_time"": 6.504}, {""asr_result"": ""这个庙会是谁的祭典仪式？"", ""start_time"": 7.504, ""end_time"": 10.314}, {""asr_result"": ""庙会是农历哪天正式开始？"", ""start_time"": 11.314, ""end_time"": 13.992}, {""asr_result"": ""庙会哪年被列入国家级非物质文化遗产？"", ""start_time"": 14.992, ""end_time"": 18.687}]"
doubao_festival_customs_video-dbksj,doubao_festival_customs_video-dbksj031,['| 这是在过什么节呀？'],1,1,"[{""asr_result"": ""这是在过什么节呀？"", ""start_time"": 1.0, ""end_time"": 2.908}]"
doubao_festival_customs_video-hhyy,doubao_festival_customs_video-hhyy170,['| 这是在过什么节日呢 |  | 云南地区这个节日每年都是在什么时候举办的呀'],1,1,"[{""asr_result"": ""这是在过什么节日呢？"", ""start_time"": 1.0, ""end_time"": 2.897}, {""asr_result"": ""云南地区这个节日每年都是在什么时候举办的呀？"", ""start_time"": 3.897, ""end_time"": 7.511}]"
doubao_festival_customs_video-jingjing,doubao_festival_customs_video-jingjing06,['| 这是什么民俗活动？ |  | 它活动的时间是？'],1,1,"[{""asr_result"": """", ""start_time"": 1.0, ""end_time"": 2.751}, {""asr_result"": ""他活动的时间是。"", ""start_time"": 3.751, ""end_time"": 5.947}]"
doubao_festival_customs_video-ssthcs,doubao_festival_customs_video-ssthcs263,['| 我正在查干湖，现在这是什么活动啊？'],1,1,"[{""asr_result"": ""我正在查干湖，现在这是什么活动啊？"", ""start_time"": 1.0, ""end_time"": 3.893}]"
doubao_festival_customs_video-ssthlwzb,doubao_festival_customs_video-ssthlwzb006,['| 这是在做什么民俗仪式？ |  | 这个民俗活动在哪一天进行？ |  | 这个民俗活动主要在哪些地方流行？'],1,1,"[{""asr_result"": ""这是在做什么民俗仪式？"", ""start_time"": 1.0, ""end_time"": 3.106}, {""asr_result"": ""这个民俗活动在哪一天进行？"", ""start_time"": 4.106, ""end_time"": 6.535}, {""asr_result"": ""这个民俗活动主要在哪些地方流行？"", ""start_time"": 7.535, ""end_time"": 10.353}]"
doubao_festival_customs_video-vidssth,doubao_festival_customs_video-vidssth019,['| 你知道我在哪个游乐园吗？ |  | 这是园区的什么演出项目呀？ |  | 现在这几个人物出自哪个动画片？ |  | 黄色头冠的角色原型是什么小动物 |  | 上一辆花车是哪个电影主题的？'],1,1,"[{""asr_result"": ""你知道我在哪个游乐园吗？"", ""start_time"": 1.0, ""end_time"": 2.905}, {""asr_result"": ""这是园区的什么演出项目呀？"", ""start_time"": 3.905, ""end_time"": 6.403}, {""asr_result"": ""现在这几个人物出自哪个动画片？"", ""start_time"": 7.403, ""end_time"": 10.087}, {""asr_result"": ""黄色头冠的角色原型是什么小动物？"", ""start_time"": 11.087, ""end_time"": 14.238}, {""asr_result"": ""上一辆花车是哪个电影主题的？"", ""start_time"": 15.238, ""end_time"": 17.852}]"
doubao_get_to_know_the_game_video-rsyx,doubao_get_to_know_the_game_video-rsyx1084,['| 这个游戏和保卫萝卜好像啊。是一家工作室的产品吗？不是的话，这是哪家出品的啊？ |  | 现在哪种植物可以合成升级啊？ |  | 这个香蕉它需要用几块田地？ |  | 这个粉色的花很漂亮，她在游戏中叫什么？ |  | 我现在还有多少生命值？'],1,1,"[{""asr_result"": ""这个游戏和保卫萝卜好像啊，是一家工作室的产品吗？不是的话，这是哪家出品的啊？"", ""start_time"": 1.0, ""end_time"": 8.713}, {""asr_result"": ""现在哪种植物可以合成升级啊？"", ""start_time"": 9.713, ""end_time"": 12.397}, {""asr_result"": ""这个香蕉它需要用几块田地？"", ""start_time"": 13.397, ""end_time"": 16.275}, {""asr_result"": ""这个粉色的花很漂亮，它在游戏中叫什么？"", ""start_time"": 17.275, ""end_time"": 21.285}, {""asr_result"": ""我现在还有多少生命值？"", ""start_time"": 22.285, ""end_time"": 24.09}]"
doubao_get_to_know_the_game_video-rsyxzs,doubao_get_to_know_the_game_video-rsyxzs0056,['| 我玩的是哪款游戏？ |  | 这是什么类型的游戏？'],1,1,"[{""asr_result"": ""我玩的是哪款游戏？"", ""start_time"": 1.0, ""end_time"": 2.606}, {""asr_result"": ""这是什么类型的游戏？"", ""start_time"": 3.606, ""end_time"": 5.504}]"
doubao_instruction_following_result_fullvideo_upload_video-v_回复风格,doubao_instruction_following_result_fullvideo_upload_video-v007_回复风格,['| 我在做英语语法填空。帮我翻译一下第61题所在的句子。 |  | 第61题的答案是什么？做题思路是什么？'],1,1,"[{""asr_result"": ""我在做英语语法填空，帮我翻译一下第 61 题所在的句子。"", ""start_time"": 1.0, ""end_time"": 5.918}, {""asr_result"": ""第 61 题的答案是什么？做题思路是什么？"", ""start_time"": 6.918, ""end_time"": 10.598}]"
doubao_landmark_building_video-bpossthzb,doubao_landmark_building_video-bpossthzb0016,['| 你知道前面这个建筑物叫什么名字吗？'],1,1,"[{""asr_result"": ""你知道前面这个建筑物叫什么名字吗？"", ""start_time"": 1.0, ""end_time"": 3.8}]"
doubao_landmark_building_video-lxsp,doubao_landmark_building_video-lxsp0503,['| 这座桥位于哪个县？'],1,1,"[{""asr_result"": ""这座桥位于哪个县？"", ""start_time"": 1.0, ""end_time"": 2.905}]"
doubao_landmark_building_video-ssthcs,doubao_landmark_building_video-ssthcs082,['| 你知道这是环球影城的哪个园区吗？'],1,1,"[{""asr_result"": ""你知道这是环球影城的哪个园区吗？"", ""start_time"": 1.0, ""end_time"": 3.703}]"
doubao_landmark_building_video-ssthlwzb,doubao_landmark_building_video-ssthlwzb3005,['| 这个火车站是哪一年建成的呀？ |  | 这趟车的担当路局是哪个？ |  | 六尺巷旁边的主题邮局叫什么邮局？ |  | 桐城派是哪个朝代最大的散文流派？'],1,1,"[{""asr_result"": ""这个火车站是哪一年建成的呀？"", ""start_time"": 1.0, ""end_time"": 3.895}, {""asr_result"": ""这趟车的担当路局是哪个？"", ""start_time"": 4.895, ""end_time"": 7.31}, {""asr_result"": ""六尺巷旁边的主题邮局叫什么邮局？"", ""start_time"": 8.31, ""end_time"": 11.469}, {""asr_result"": ""桐城派是哪个朝代最大的散文流派？"", ""start_time"": 12.469, ""end_time"": 15.614}]"
doubao_landmark_building_video-ssthlwzbx,doubao_landmark_building_video-ssthlwzbx038,['| 哈哈，那个楼长得好像个玉米啊'],1,1,"[{""asr_result"": ""哈哈，那个楼长得好像个玉米啊。"", ""start_time"": 1.0, ""end_time"": 3.875}]"
doubao_landmark_building_video-ssthzb,doubao_landmark_building_video-ssthzb0244,['| 这个景点叫什么名字？ |  | 这个景点哪年创建的？ |  | 这个景点是谁设计的？'],1,1,"[{""asr_result"": ""这个景点叫什么名字？"", ""start_time"": 1.0, ""end_time"": 3.061}, {""asr_result"": ""这个景点哪年创建的？"", ""start_time"": 4.061, ""end_time"": 6.132}, {""asr_result"": ""这个景点是谁设计的？"", ""start_time"": 7.132, ""end_time"": 9.232}]"
doubao_landmark_building_video-ssthzbv,doubao_landmark_building_video-ssthzbv30004,['| 这广场是什么时候开业的，我以前没看见过呢 |  | 诶你看这个电影城，和拍戏的那个地方有什么关系吗'],1,1,"[{""asr_result"": ""这广场是什么时候开业的？我以前没看见过呢。"", ""start_time"": 1.0, ""end_time"": 5.039}, {""asr_result"": ""哎，你看这个电影城和拍戏的那个地方有什么关系吗？"", ""start_time"": 6.039, ""end_time"": 10.433}]"
doubao_landmark_building_video-vidssth,doubao_landmark_building_video-vidssth010,['| 我现在在哪条地铁线上？ |  | 这附近有公园吗，要怎么走？ |  | 这一站为什么不能站内换乘？'],1,1,"[{""asr_result"": ""我现在在哪条地铁线上？"", ""start_time"": 1.0, ""end_time"": 2.876}, {""asr_result"": ""这附近有公园吗？要怎么走？"", ""start_time"": 3.876, ""end_time"": 6.549}, {""asr_result"": ""这一站为什么不能站内换乘？"", ""start_time"": 7.549, ""end_time"": 10.159}]"
doubao_natural_landscape_video-bpossth,doubao_natural_landscape_video-bpossth0002,['| 这里大概有多高？'],1,1,"[{""asr_result"": ""这里大概有多高？"", ""start_time"": 1.0, ""end_time"": 2.305}]"
doubao_natural_landscape_video-dbdnksj,doubao_natural_landscape_video-dbdnksj1006,['| 这个地质公园在我国哪个省 |  | 这里的地貌叫什么 |  | 这里的红色砂砾岩主要沉积于什么地质年代 |  | 这里属于什么气候类型'],1,1,"[{""asr_result"": ""这个地质公园在我国哪个省？"", ""start_time"": 1.0, ""end_time"": 3.482}, {""asr_result"": ""这里的地貌叫什么？"", ""start_time"": 4.482, ""end_time"": 6.305}, {""asr_result"": ""这里的红色砂砾岩主要沉积于什么地质年代？"", ""start_time"": 7.305, ""end_time"": 11.509}, {""asr_result"": ""这里属于什么气候类型？"", ""start_time"": 12.509, ""end_time"": 14.73}]"
doubao_natural_landscape_video-dbksj,doubao_natural_landscape_video-dbksj015,['| 这个景点叫啥 |  | 它在哪个国家？'],1,1,"[{""asr_result"": ""这个景点叫啥？"", ""start_time"": 1.0, ""end_time"": 2.286}, {""asr_result"": ""他在哪个国家？"", ""start_time"": 3.286, ""end_time"": 4.591}]"
doubao_natural_landscape_video-gongkun,doubao_natural_landscape_video-gongkun04,['| 这座山在哪个国家？ |  | 这座山主峰海拔多少米？ |  | 这座山有几个主要的登山口？ |  | 这座山是第几个世界文化遗产？ |  | 至今为止这座山在山体形成过程中，大致可以分为几个阶段？ |  | 能够考证这座山喷发年代的最早的文字记录是什么？ |  | 每年的几月份是攀登这座山的最佳季节？ |  | 这座山主要的登山路线有哪些？ |  | 围绕这座山顶火山口走一圈需要多长时间？ |  | 这座山是什么时候列入世界文化遗产的？'],1,1,"[{""asr_result"": ""这座山在哪个国家？"", ""start_time"": 1.0, ""end_time"": 2.952}, {""asr_result"": ""这座山主峰海拔多少米？"", ""start_time"": 3.952, ""end_time"": 6.157}, {""asr_result"": ""这座山有几个主要的登山口？"", ""start_time"": 7.157, ""end_time"": 10.028}, {""asr_result"": ""这座山是第几个世界文化遗产？"", ""start_time"": 11.028, ""end_time"": 13.858}, {""asr_result"": ""至今为止，这座山在山体形成过程中，大致可以分为几个阶段？"", ""start_time"": 14.858, ""end_time"": 20.498}, {""asr_result"": ""能够考证这座山喷发年代的最早的文字记录是什么？"", ""start_time"": 21.498, ""end_time"": 26.196}, {""asr_result"": ""每年的几月份是攀登这座山的最佳季节？"", ""start_time"": 27.196, ""end_time"": 30.603}, {""asr_result"": ""这座山主要的登山路线有哪些？"", ""start_time"": 31.603, ""end_time"": 34.554}, {""asr_result"": ""围绕这座山顶火山口走一圈需要多长时间？"", ""start_time"": 35.554, ""end_time"": 39.132}, {""asr_result"": ""这座山是什么时候列入世界文化遗产的？"", ""start_time"": 40.132, ""end_time"": 43.541}]"
doubao_natural_landscape_video-hhyy,doubao_natural_landscape_video-hhyy159,['| 这是什么景点呀 |  | 这个景点位于哪个省呢 |  | 它是在哪一年建成的呢？ |  | 这个景点是几A级景区呀'],1,1,"[{""asr_result"": ""这是什么景点呀？"", ""start_time"": 1.0, ""end_time"": 2.626}, {""asr_result"": ""这个景点位于哪个省呢？"", ""start_time"": 3.626, ""end_time"": 5.62}, {""asr_result"": ""它是在哪一年建成的呢？"", ""start_time"": 6.62, ""end_time"": 8.624}, {""asr_result"": ""这个景点是几 A 级景区啊？"", ""start_time"": 9.624, ""end_time"": 12.845}]"
doubao_natural_landscape_video-lxsp,doubao_natural_landscape_video-lxsp0189,['| 这些人在拍的石柱叫什么'],1,1,"[{""asr_result"": ""这些人在拍的石柱叫什么？"", ""start_time"": 1.0, ""end_time"": 3.208}]"
doubao_natural_landscape_video-ssthcs,doubao_natural_landscape_video-ssthcs135,['| 这个湖在中国哪个省份？'],1,1,"[{""asr_result"": """", ""start_time"": 1.0, ""end_time"": 3.193}]"
doubao_natural_landscape_video-ssthlwzb,doubao_natural_landscape_video-ssthlwzb002,['| 这里的地都是红色的，这属于哪种地貌？ |  | 这种地貌在哪个国家分布最广？'],1,1,"[{""asr_result"": ""这里的地都是红色的，这属于哪种地貌？"", ""start_time"": 1.0, ""end_time"": 4.604}, {""asr_result"": ""这种地貌在哪个国家分布最广？"", ""start_time"": 5.604, ""end_time"": 8.223}]"
doubao_natural_landscape_video-ssthzbv,doubao_natural_landscape_video-ssthzbv02,['| 好美啊这里，我想回去后发一个小红书分享一下，你帮我想几个标题咋样，突出一下这个地点 |  | 骑车真的好舒服啊，等我骑累了再租一辆游览车回才村码头那边吧。诶，你知道要多少钱吗？'],1,1,"[{""asr_result"": ""好美啊这里，我想回去后发一个小红书分享一下，你帮我想几个标题咋样？突出一下这个地点。"", ""start_time"": 1.0, ""end_time"": 8.908}, {""asr_result"": ""骑车真的好舒服啊，等我骑累了，再租一辆游览车回彩村码头那边吧。哎，你知道要多少钱吗？"", ""start_time"": 9.908, ""end_time"": 18.351}]"
doubao_natural_landscape_video-zhangrui,doubao_natural_landscape_video-zhangrui01,['| 你能帮我看看这个是什么地方吗 |  | 这种现象是怎么形成的呢？ |  | 它是在冰岛的什么位置呀？ |  | 它是在什么时间形成的？ |  | 这个泉眼的直径大概有多少米呀？'],1,1,"[{""asr_result"": """", ""start_time"": 1.0, ""end_time"": 3.511}, {""asr_result"": ""这种现象是怎么形成的呢？"", ""start_time"": 4.511, ""end_time"": 6.668}, {""asr_result"": ""它是在冰岛的什么位置呀？"", ""start_time"": 7.668, ""end_time"": 9.948}, {""asr_result"": """", ""start_time"": 10.948, ""end_time"": 12.822}, {""asr_result"": ""这个泉眼的直径大概有多少米啊？"", ""start_time"": 13.822, ""end_time"": 16.526}]"
doubao_video_call_specificity_video-ssthtyx,doubao_video_call_specificity_video-ssthtyx04,['| 眉毛应该怎么画啊，给我详细的步骤 |  | 鼻子应该怎么修容呢'],1,1,"[{""asr_result"": ""眉毛应该怎么画啊？给我详细的步骤。"", ""start_time"": 1.0, ""end_time"": 3.897}, {""asr_result"": ""鼻子应该怎么修容呢？"", ""start_time"": 4.897, ""end_time"": 6.572}]"
education_autoeval-adabdabbdebdccbaffefcdfdfdfc-,education_autoeval-001ad6117abd8abbd93ebd6c7cb5789af04fe524fc7747df13d4fd951f7c7969-1,['| 在不在？'],1,1,"[{""asr_result"": ""在不在？"", ""start_time"": 1.0, ""end_time"": 1.7}]"
education_autoeval-adaecdafbdabadaddeddfbeeedc-,education_autoeval-00076ad0a6e7c9d4afb973d23617384a4bada3dde63ddf9be7107782e2e0d3c6-3,['| 这个选什么？'],1,1,"[{""asr_result"": ""这个选什么？"", ""start_time"": 1.0, ""end_time"": 2.271}]"
education_autoeval-adbaeecbbbedfabdeece-,education_autoeval-0037ad81b90a9ee3cb4b9287b284e5d27045f85a7b21d1e55882e02465c995e6-2,['| 不需要解释。'],1,1,"[{""asr_result"": ""不需要解释。"", ""start_time"": 1.0, ""end_time"": 2.28}]"
education_autoeval-adedabefadaabeacbfccbaeffebdd-,education_autoeval-000ad7949168e3912dab3393e03f7679ad4aab3eac4b9f303c40cbaef0f0ebdd-2,['| 这是我自己割的。'],1,1,"[{""asr_result"": ""这是我自己割的。"", ""start_time"": 1.0, ""end_time"": 2.268}]"
education_autoeval-aeafdebbffaffaeceffafbefb-,education_autoeval-0029a33ea22fd449eb48460bf3faf2f02a4e9c93eff44af164219b141ef985b2-5,['| 对的。'],1,1,"[{""asr_result"": ""对的。"", ""start_time"": 1.0, ""end_time"": 1.88}]"
education_autoeval-aeccbadacbdddbdabfac-,education_autoeval-001a24605084ec230c926235b74a93162dac5b01d96d2db63465d1a834bf0ac0-3,['| 那关于这里面的 rich Aroma， Aroma 是什么意思？'],1,1,"[{""asr_result"": ""那关于这里面的 rich Aroma，Aroma 是什么意思？"", ""start_time"": 1.0, ""end_time"": 5.086}]"
education_autoeval-aedbfddcacaefeecdecaecdffca-,education_autoeval-000aed7b8984065f8d9dc41a4caefee3cd641eca54e120036c64204d85ffc98a-6,['| 这个下的是台风雨。'],1,1,"[{""asr_result"": ""这个下的是台风雨。"", ""start_time"": 1.0, ""end_time"": 2.63}]"
education_autoeval-aedfacedbefafeffdc-,education_autoeval-0014581865849ae1d68889302face1d456b65852e91fa80f6ef71426f2dc6373-3,['| 1。'],1,1,"[{""asr_result"": ""1。"", ""start_time"": 1.0, ""end_time"": 1.678}]"
education_autoeval-afaeaacebcdbaecdefcabfcbab-,education_autoeval-00210847af7a9012eaa6ce909b9cd1575422ba6ecd6ef820cab9fc4ba222174b-9,"[""| Hi, I'm""]",1,1,"[{""asr_result"": ""Hi, I'm"", ""start_time"": 1.0, ""end_time"": 2.309}]"
education_autoeval-afebabdabddbdfadfeceeecaaa-,education_autoeval-002586a32f4eb350ab8d773ab6ddb2df9480adfe619ceee7c21752452aa3545a-2,['| 电压表。'],1,1,"[{""asr_result"": ""《电压表》"", ""start_time"": 1.0, ""end_time"": 1.997}]"
education_autoeval-bbadbcdccefafbbefcbcfdddcd-,education_autoeval-001bba7d1b4494cd64c2ce212fa0f6b900b269ef479c1b9332c599fddd5650cd-1,['| 豆包。'],1,1,"[{""asr_result"": ""豆包。"", ""start_time"": 1.0, ""end_time"": 1.904}]"
education_autoeval-bbdaababcdfeaaebacaeaefd-,education_autoeval-0035b456b2d44aab59a47bcd36117f59e8620a154aeb14a060c2a9e406a9efd4-205,['| 48。'],1,1,"[{""asr_result"": ""48."", ""start_time"": 1.0, ""end_time"": 2.023}]"
education_autoeval-bbebefedabdefdbbfbdba-,education_autoeval-003606b5b12e6b16e3f45880957e1da32bd6e41f1d9b9bf5226b948d6877b9a4-3,['| 你能慢一点吗？慢一点，慢一点，等我写完，你再写，你再读。'],1,1,"[{""asr_result"": ""你能慢一点吗？慢一点慢一点，等我写完，你再写，你再读。"", ""start_time"": 1.0, ""end_time"": 6.769}]"
education_autoeval-bcbfbafdffaefb-,education_autoeval-00242165b337c540bf95369464b423a6f05d0800459f95f32935a8542ef3b392-1,['| 豆包，豆包，这道题怎么写？三四五六。'],1,1,"[{""asr_result"": ""豆包豆包，这道题怎么写？3456。"", ""start_time"": 1.0, ""end_time"": 5.717}]"
education_autoeval-bcecfeeeadfdfeedbddd-,education_autoeval-00246bc36e874cf6e84945ee1426ad5f127201d4f9947e05e6d2593b4851ddd1-1,['| 豆包豆包。'],1,1,"[{""asr_result"": ""豆包豆包。"", ""start_time"": 1.0, ""end_time"": 2.555}]"
education_autoeval-bcfceefddccddaccaffbccec-,education_autoeval-0039bcf47146cee86402f500747d8dc6c08d681dacc98af85f218508b44ccec0-9,['| 是要空格还是不空格啊？'],1,1,"[{""asr_result"": ""是要空格还是不空格啊？"", ""start_time"": 1.0, ""end_time"": 3.354}]"
education_autoeval-bdcbdcecbaaecdedbfcdbbeda-,education_autoeval-0001862507bdc303b48dce682cbaa5295ec6d00e5216db8fc9d29bb3e36d16a1-4,['| 豆包。'],1,1,"[{""asr_result"": ""豆包。"", ""start_time"": 1.0, ""end_time"": 1.9}]"
education_autoeval-bdccbbbefcdceabedfa-,education_autoeval-00244b16d2c71cb97617b25bef44495cd10c3e3a482468b3274060ed89f5185a-1,['| 豆包读这一页的内容。'],1,1,"[{""asr_result"": ""豆包，读这一页的内容。"", ""start_time"": 1.0, ""end_time"": 3.004}]"
education_autoeval-befadedbbaebefabfcddcec-,education_autoeval-000befa10de9d5638b7758ba8e822be2928f09a7110bf5c57856d2759d74cec6-6,['| 一对 2B 3B。'],1,1,"[{""asr_result"": ""1D, 2B, 3B."", ""start_time"": 1.0, ""end_time"": 2.496}]"
education_autoeval-befdeeaacbbdfadcbaddcdacba-,education_autoeval-0026632be90f75de8e6517a37ac90bb6042dfadcb3ad5635d08c11d2a960cb6a-38,['| 停。'],1,1,"[{""asr_result"": """", ""start_time"": 1.0, ""end_time"": 1.754}]"
education_autoeval-cafefeffcecfcbacaeffc-,education_autoeval-0003c4af76008ef7343ef99f343c858ecfc7877b8988a571ca7097ef890375fc-6,['| 绿阴不减来时路，不会。什么？唯有蜻蜓蛱蝶飞呀。日长篱落无人过，惟有蜻蜓蛱蝶飞。那个什么，只留清气满乾坤呀。什么呀，让我想一下啊。嗯？那个什么，不要人夸好颜色，只留清气满乾坤。'],1,1,"[{""asr_result"": ""绿荫不减来时路，不会。什么？唯有蜻蜓蛱蝶飞呀。日长篱落无人过，唯有蜻蜓蛱蝶飞。那个什么？只留清气满乾坤呀。什么呀？让我想一下啊。那个什么？不要人夸好颜色，只留清气满乾坤。"", ""start_time"": 1.0, ""end_time"": 25.519}]"
education_autoeval-cbadcbbeaaffabd-,education_autoeval-00091cb17a12dc36b922645b744760e6a556a77f9f2000048387a29bd3262491-7,['| 豆包看看这个，看看这个，小小的这个距离近一点看啊？'],1,1,"[{""asr_result"": ""豆包，看看这个，看看这个，小小的这个，距离近一点看啊。"", ""start_time"": 1.0, ""end_time"": 5.68}]"
education_autoeval-cbcbfbdbbbcbaabdbdf-,education_autoeval-002582cb2088466c71b2fb1db5b8482770257bc2b192a8a6846b1d7104b816df-3,['| 第 6 题。'],1,1,"[{""asr_result"": ""第 6 题。"", ""start_time"": 1.0, ""end_time"": 2.305}]"
education_autoeval-cbcdaccfdbfbdefc-,education_autoeval-003cbc7328d67a8385c02975878033c29392f5db3354f95b401d7e934f5c7663-8,['| 不不不，我说的是两条直线的夹角的公式怎么算？'],1,1,"[{""asr_result"": ""不不不，我说的是两条直线的夹角的公式怎么算？"", ""start_time"": 1.0, ""end_time"": 5.118}]"
education_autoeval-cbeacadeebeceecabaffcddaec-,education_autoeval-00394c9838b49e79a7c85a8d44193094eebe8c4e23e3c99a7ba2ffcd467da6ec-2,['| 那第 2 题呢？'],1,1,"[{""asr_result"": ""那第 2 题呢？"", ""start_time"": 1.0, ""end_time"": 2.108}]"
education_autoeval-ccdaeecafbfbedaeca-,education_autoeval-000639cc147235d93646877a201e853e3caf3b3962fb91e15376da593e537ca6-90,['| 你看一下原文。'],1,1,"[{""asr_result"": ""你看一下原文。"", ""start_time"": 1.0, ""end_time"": 2.15}]"
education_autoeval-cdcfceccebecbdacd-,education_autoeval-0009128c6dc4fc4522780e43529060c3ce524b77394e06107cb7da585622cd79-3,['| 去卖点东西。'],1,1,"[{""asr_result"": ""去卖点东西。"", ""start_time"": 1.0, ""end_time"": 2.064}]"
education_autoeval-cedfcedabdaafbbbdbfbc-,education_autoeval-0022c4ed3f5ce91da663b6d860a7a2f724246bb41b1507625595db588fb907c1-12,['| 宅饭。'],1,1,"[{""asr_result"": ""《宅饭》。"", ""start_time"": 1.0, ""end_time"": 1.88}]"
education_autoeval-cfabfbbfcccfbdecbcddccbcaade-,education_autoeval-0006c0f1ab872fbb08853f38ccc7fbd6e3c9b23cdd7c0c680b9ca55a6d161e31-1,['| 现在能看见吗？'],1,1,"[{""asr_result"": ""现在能看见吗？"", ""start_time"": 1.0, ""end_time"": 2.35}]"
education_autoeval-cfacfedacbbfdfdbbfdceefb-,education_autoeval-002c82701f3a3c3fed90ac697b68740208b5fd81fd08bb382236f8dc2e3e58fb-4,['| 好，开始第一个词。'],1,1,"[{""asr_result"": ""好，开始第一个词。"", ""start_time"": 1.0, ""end_time"": 2.558}]"
education_autoeval-dccbfdadfffcceaececca-,education_autoeval-00065d15c1c1222666bf7da55dff4f6c53042c9626251e21a0e4ce80c13ca437-2,['| 选哪个？'],1,1,"[{""asr_result"": ""选哪个？"", ""start_time"": 1.0, ""end_time"": 1.955}]"
education_autoeval-dcfdfbdfabbfeebdfa-,education_autoeval-000707d2cfd431f673b0802d8f40abb7fe3797e7722b13202596679734d1fa24-1,['| 豆包，你帮我看一下这道题的 b 选项哪里错了？'],1,1,"[{""asr_result"": ""豆包，你帮我看一下这道题的 B 选项哪里错了？"", ""start_time"": 1.0, ""end_time"": 4.511}]"
education_autoeval-dddcecdccdebddebcaaeadcbed-,education_autoeval-002dddc2ecd286841c8760003c4de186b89d9d0eb10ca3ae7097a2dc46b1e37d-5,['| 我不知道这个题怎么写。'],1,1,"[{""asr_result"": ""我不知道这个题怎么写。"", ""start_time"": 1.0, ""end_time"": 2.499}]"
education_autoeval-ddddcfdddbffefaeffd-,education_autoeval-000178d374d15d31209dcfd313d437d2394b33ffe91f2a82e27f2656602f088d-16,['| 我说把那个豆包，豆包，我说的是这个 15。'],1,1,"[{""asr_result"": ""我说把那个豆包豆包，我说的是这个 15。"", ""start_time"": 1.0, ""end_time"": 4.591}]"
education_autoeval-decabfbbefaeddadbbbceebcf-,education_autoeval-00006d2e8531c0a11bfb86b26071e5507fae3d2d90ad74bb7b57cee3947b58cf-1,['| 豆包，你待我总的复习一下小升初必考的内容。小升初分班考必考内容。'],1,1,"[{""asr_result"": ""豆包，你带我总的复习一下小升初必考的内容，小升初分班考必考内容。"", ""start_time"": 1.0, ""end_time"": 7.599}]"
education_autoeval-deebaabbbaaabadeacfa-,education_autoeval-003955921d9ee6b24a6539a4495b9306045b8b19a0aaba6329d7e7a956c2f96a-3,['| 但是不过。'],1,1,"[{""asr_result"": ""但是，不过。"", ""start_time"": 1.0, ""end_time"": 2.225}]"
education_autoeval-deebfabcdaadfdcebadeaceccd-,education_autoeval-0058043de81e7b936fa5459b1c876da67a072dfdc38e7ba1de8a6c9e4c015cd4-2,['| 不是不是，我理解不了，就是我觉得很神奇呀。'],1,1,"[{""asr_result"": ""不是不是，我理解不了，就是我觉得很神奇啊。"", ""start_time"": 1.0, ""end_time"": 4.707}]"
education_autoeval-eafececcccccbefccceeedcbc-,education_autoeval-002e326a512f6e13c3e2ccc4698c60c3cb17e0f7464cc58ce6eed3690cbc5649-4,['| 请把这一页答案告诉我，不要过程，只要答案。'],1,1,"[{""asr_result"": ""请把这一页答案告诉我，不要过程，只要答案。"", ""start_time"": 1.0, ""end_time"": 4.291}]"
education_autoeval-ebbebcdacdbfbffbecbfebbde-,education_autoeval-006ebb8ebcd77200a2c7d395bf75b006ffbe16cbf9e0599bbd344514521e4945-1,['| 来吧，豆包，来，先开始开始监督我学习。要是这个角度就更好了，不过我这是 iPad 豆包，谢谢吗豆包。'],1,1,"[{""asr_result"": ""来吧，豆包。来，先开始，开始监督我学习。要是这个角度就更好了，不过我这是 iPad。豆包，谢谢嘛，豆包。"", ""start_time"": 1.0, ""end_time"": 9.69}]"
education_autoeval-ebcfdfffaaeeabaccdacdcc-,education_autoeval-0060909eb6049c720fdff761204fa8667ae6474eab8a322c15cdac5d4c34c414-2,['| 这道题怎么做？'],1,1,"[{""asr_result"": ""这道题怎么做？"", ""start_time"": 1.0, ""end_time"": 2.151}]"
education_autoeval-ecbcdfececbcbdcacefdde-,education_autoeval-0001ec026b77c2d557f1ec40e9c5852b9976c2bd169cac307e8f7050d6d1056e-4,['| 豆包。'],1,1,"[{""asr_result"": ""豆包。"", ""start_time"": 1.0, ""end_time"": 1.904}]"
education_autoeval-eedcffcdbfeddedfaecacde-,education_autoeval-001936481770e774e0760dc1ffc1d2b0fe87073d962d00e2dfa382ec0acd53e3-29,['| I see. IM.'],1,1,"[{""asr_result"": ""I see, I am."", ""start_time"": 1.0, ""end_time"": 2.678}]"
education_autoeval-effdbffecaacaaccccfaaebdbfbdbfd-,education_autoeval-0070e80f830fdb1f95830f940ec2a9a04ca8449acc5c9cfaaebdb5f95bd0bfd0-22,['| 变速直线运动，再说一遍。'],1,1,"[{""asr_result"": ""变速直线运动，再说一遍。"", ""start_time"": 1.0, ""end_time"": 3.279}]"
education_autoeval-fbcaadafacaafdaacadace-,education_autoeval-00091fb7c5a4301a1da1725fa4861c720411233aa58fd4a8acada6751c11264e-3,['| 豆包，你再说一次。'],1,1,"[{""asr_result"": ""豆包，你再说一次。"", ""start_time"": 1.0, ""end_time"": 3.087}]"
education_autoeval-fbddedabedbeeacbbaadc-,education_autoeval-00318f6bd5d62eda13b5154e5d866545486b1e9e35531a0c99bb2aadc2900432-164,"[""| I'm sorry, could you please repeat it again?""]",1,1,"[{""asr_result"": ""I'm sorry. Could you please repeat it again?"", ""start_time"": 1.0, ""end_time"": 3.274}]"
education_autoeval-fdadaadefcfbbeefdbada-,education_autoeval-002f713d751ad007aa0d274e28f40c2fb907be1748ef758db393a2d8a5440810-2,['| 怎么写呀？你给我怎么写呀？你，你。'],1,1,"[{""asr_result"": ""怎么写啊？你给我怎么写啊？你你。"", ""start_time"": 1.0, ""end_time"": 3.997}]"
education_autoeval-fddfffeebfcdaaffbbaaeaaba-,education_autoeval-006fd953d6f86ffee20b8874f89cd0a2a77f423fbba636a8639478e9aa8ba139-3,['| 可是我又想喝，喝了就拉。'],1,1,"[{""asr_result"": ""可是我又想喝，喝了就拉。"", ""start_time"": 1.0, ""end_time"": 3.697}]"
education_autoeval-fefbfbdfdebadebe-,education_autoeval-0037944f7e7f1b20f49969b491195d413f59d225484e33bad96e3048b904e678-2,['| 哎。'],1,1,"[{""asr_result"": ""哎。"", ""start_time"": 1.0, ""end_time"": 1.945}]"
education_autoeval-ffacceaffbeaddcaafee-,education_autoeval-003ffa45c08c98669106e48161aff515967b3e91a0dd258051c8289a2af6e3e1-56,['| 什么意思？你就直接说哪错了嘛，我怎么听不懂？'],1,1,"[{""asr_result"": ""什么意思？你就直接说哪错了嘛，我怎么听不懂？"", ""start_time"": 1.0, ""end_time"": 5.56}]"
education_autoeval-ffbcfdcbfbbeafebe-,education_autoeval-001f9f8960b5cfd16288618c7514441b171704909365577fbb6e05afe12318be-2,['| 豆包。'],1,1,"[{""asr_result"": ""豆包。"", ""start_time"": 1.0, ""end_time"": 1.904}]"
education_autoeval-ffbeacddaaccabdecdaeedddd-,education_autoeval-0018f778526900fbea10cdd18a724a4183c6c1ab3d620e7cd5aeed71d29610dd-2,['| 豆。'],1,1,"[{""asr_result"": ""《DO》"", ""start_time"": 1.0, ""end_time"": 1.675}]"
frs_fullvideo_upload-,frs_fullvideo_upload-6,['| 这个题怎么做？ |  | 那这个题怎么做啊？ |  | 那刚才那一页第三列的第一道题怎么做？'],1,1,"[{""asr_result"": ""这个题怎么做？"", ""start_time"": 1.0, ""end_time"": 2.105}, {""asr_result"": ""那这个题怎么做啊？"", ""start_time"": 3.105, ""end_time"": 4.611}, {""asr_result"": ""那刚才那一页第 3 列的第一道题怎么做？"", ""start_time"": 5.611, ""end_time"": 8.683}]"
instruction_following_hard_result_fullvideo_upload-v_回复风格,instruction_following_hard_result_fullvideo_upload-v039_回复风格,['| 我接下来给你看的题目，你需要按顺序告诉我解题思路、正确的答案和做这道题需要用到的公式，你听明白了吗？ |  | 看这道第2小题。 |  | 帮我看一下这道大题，你直接用英文告诉我解题思路，不要出现任何阿拉伯数字和中文，最后告诉我正确答案是什么，你可以做到吗？ |  | 看这道题。'],1,1,"[{""asr_result"": ""我接下来给你看的题目，你需要按顺序告诉我解题思路、正确的答案和做这道题需要用到的公式，你听明白了吗？"", ""start_time"": 1.0, ""end_time"": 9.811}, {""asr_result"": ""看这道第 2 小题。"", ""start_time"": 10.811, ""end_time"": 12.505}, {""asr_result"": ""帮我看一下这道大题，你直接用英文告诉我解题思路，不要出现任何阿拉伯数字和中文，最后告诉我正确答案是什么，你可以做到吗？"", ""start_time"": 13.505, ""end_time"": 23.956}, {""asr_result"": ""看这道题。"", ""start_time"": 24.955, ""end_time"": 25.905}]"
long_ocr_fullvideo_upload-,long_ocr_fullvideo_upload-1,['| 帮我读一下第1段。 |  | 帮我提取一下第1段的文字内容。 |  | 给我读一下第2段到第4段的内容。'],1,1,"[{""asr_result"": ""帮我读一下第一段。"", ""start_time"": 1.0, ""end_time"": 2.28}, {""asr_result"": ""帮我提取一下第一段的文字内容。"", ""start_time"": 3.28, ""end_time"": 5.709}, {""asr_result"": ""给我读一下第二段到第四段的内容。"", ""start_time"": 6.709, ""end_time"": 9.57}]"
ocrv_fullvideo_upload-,ocrv1_fullvideo_upload-5,['| 帮我把这一行字提取出来。 |  | 最右侧这一列字，帮我全部提取出来。 |  | 请帮我把从右手边数第三列字，全部提取出来。'],1,1,"[{""asr_result"": ""帮我把这一行字提取出来。"", ""start_time"": 1.0, ""end_time"": 2.815}, {""asr_result"": ""最右侧这一列字，帮我全部提取出来。"", ""start_time"": 3.815, ""end_time"": 7.05}, {""asr_result"": ""请帮我把从右手边数第 3 列字全部提取出来。"", ""start_time"": 8.05, ""end_time"": 12.868}]"
"previous_reference_ambiguity-A&""-""&D","previous_reference_ambiguity-A10&""-""&D10",['| 这个字怎么读？'],1,1,"[{""asr_result"": ""这个字怎么读？"", ""start_time"": 1.0, ""end_time"": 2.159}]"
"related_visual_reference_blur-A&""-""&D","related_visual_reference_blur-A1160&""-""&D1160",['| 我操，豆包，那这道题怎么写？'],1,1,"[{""asr_result"": ""卧槽，豆包，那这道题怎么写？"", ""start_time"": 1.0, ""end_time"": 4.009}]"
sfr_fullvideo_upload-,sfr_fullvideo_upload-163,['| 这个叫什么名字呀？ |  | 这几个字怎么读？ |  | 这个叫什么呀？ |  | 那这个呢？ |  | 这个是什么呀？'],1,1,"[{""asr_result"": ""这个叫什么名字呀？"", ""start_time"": 1.0, ""end_time"": 2.705}, {""asr_result"": ""这几个字怎么读？"", ""start_time"": 3.705, ""end_time"": 4.919}, {""asr_result"": ""这个叫什么呀？"", ""start_time"": 5.919, ""end_time"": 7.188}, {""asr_result"": ""那这个呢？"", ""start_time"": 8.188, ""end_time"": 9.084}, {""asr_result"": ""这个是什么呀？"", ""start_time"": 10.084, ""end_time"": 11.303}]"
spatial_understanding_result_fullvideo_upload-v_空间理解,spatial_understanding_result_fullvideo_upload-v002_空间理解,['| 你帮我看看淘宝这个APP在手机屏幕的哪个方位啊？ |  | 我想用这个淘宝搜索一下物品，我应该在手机屏幕的哪个地方点击？什么方位？ |  | 如果我想要拍照去搜索某一个东西，我应该点击哪里呀？ |  | 我想买一个蓝色吊带，目前所展示的哪一个更符合我的要求，他具体的位置在哪里？'],1,1,"[{""asr_result"": ""你帮我看看淘宝这个 APP 在手机屏幕的哪个方位啊？"", ""start_time"": 1.0, ""end_time"": 4.683}, {""asr_result"": ""我想用这个淘宝搜索一下物品，我应该在手机屏幕的哪个地方点击？什么方位？"", ""start_time"": 5.683, ""end_time"": 12.049}, {""asr_result"": ""如果我想要拍照去搜索某一个东西，我应该点击哪里呀？"", ""start_time"": 13.049, ""end_time"": 17.941}, {""asr_result"": ""我想买一个蓝色吊带，目前所展示的哪一个更符合我的要求？它具体的位置在哪里？"", ""start_time"": 18.941, ""end_time"": 25.354}]"
"subject_missing-A&""-""&D","subject_missing-A103&""-""&D103",['| 我天，这么多动物，以后就不成，以后就不愁肉了。'],1,1,"[{""asr_result"": ""我天，这么多动物，以后就不成，以后就不愁肉了。"", ""start_time"": 1.0, ""end_time"": 5.708}]"
tfr_fullvideo_upload-,tfr_fullvideo_upload-19,['| 我面前的这个是什么呢？ |  | 这是什么物品呀？ |  | 这是可以坐人的吗？ |  | 我眼前的这个是什么？ |  | 刚才第一次出现的的凳子是什么颜色的呢？'],1,1,"[{""asr_result"": ""我面前的这个是什么呢？"", ""start_time"": 1.0, ""end_time"": 2.673}, {""asr_result"": ""这是什么物品呀？"", ""start_time"": 3.673, ""end_time"": 5.171}, {""asr_result"": ""这是可以做人的吗？"", ""start_time"": 6.171, ""end_time"": 7.88}, {""asr_result"": ""我眼前的这个是什么？"", ""start_time"": 8.879, ""end_time"": 10.354}, {""asr_result"": ""刚才第一次出现的的凳子是什么颜色的呢？"", ""start_time"": 11.354, ""end_time"": 14.64}]"
"topic_advancement_intent_ambiguity-A&""-""&D","topic_advancement_intent_ambiguity-A10&""-""&D10",['| 我不知道选啥，所以我才问你的呀。'],1,1,"[{""asr_result"": ""我不知道选啥，所以我才问你的呀。"", ""start_time"": 1.0, ""end_time"": 3.905}]"
"topic_development_direction_is_vague-A&""-""&D","topic_development_direction_is_vague-A672&""-""&D672",['| 我打个电话。'],1,1,"[{""asr_result"": ""我打个电话。"", ""start_time"": 1.0, ""end_time"": 1.946}]"
vlm video飞书表格上传hdfs—datacard - Sheet ()-,vlm video飞书表格上传hdfs—datacard - Sheet7 (1)-3,['| 选择题第五题选什么？ |  | 刚才多选题里的第16小题，该怎么做？'],1,1,"[{""asr_result"": ""选择题第 5 题选什么？"", ""start_time"": 1.0, ""end_time"": 3.039}, {""asr_result"": ""刚才多选题里的第 16 小题该怎么做？"", ""start_time"": 4.039, ""end_time"": 7.54}]"
wangzherongyan--v,wangzherongyan-1-v006,['| 对面这是什么英雄？ |  | 这里我可以直接清线了吗，为什么？ |  | 这里我要上去和他抢野怪嘛？ |  | 那我现在可以去清线嘛？ |  | 这里我要去支援龙团嘛？ |  | 我被谁击飞了？ |  | 这三道波是谁的技能？'],1,1,"[{""asr_result"": ""对面这是什么英雄？"", ""start_time"": 1.0, ""end_time"": 2.5}, {""asr_result"": ""这里我可以直接清线了吗？为什么？"", ""start_time"": 3.5, ""end_time"": 6.526}, {""asr_result"": ""这里我要上去和他抢野怪吗？"", ""start_time"": 7.526, ""end_time"": 9.875}, {""asr_result"": ""那我现在可以去青县吗？"", ""start_time"": 10.875, ""end_time"": 12.776}, {""asr_result"": ""这里我要去支援龙团吗？"", ""start_time"": 13.776, ""end_time"": 15.805}, {""asr_result"": ""我被谁击飞了？"", ""start_time"": 16.805, ""end_time"": 18.152}, {""asr_result"": ""这 3 道波是谁的技能？"", ""start_time"": 19.152, ""end_time"": 21.449}]"
wangzherongyan--wzryjj,wangzherongyan-1-wzryjj018,['| 我这个铭文搭配的怎么样？ |  | 想玩好这个英雄有没有什么操作技巧？ |  | 我这皮肤是哪个赛季出的？ |  | 我现在需要注意什么？ |  | 我此时应该去和马可打吗，为什么？ |  | 我下一步应该做什么？ |  | 我此时应该进对面蓝区吗，为什么？ |  | 这波可以继续进场吗，为什么? |  | 我此时做什么可以扩大优势？ |  | 我此时可以更换什么装备，换成什么?'],1,1,"[{""asr_result"": ""我这个铭文搭配的怎么样？"", ""start_time"": 1.0, ""end_time"": 2.804}, {""asr_result"": ""想玩好这个英雄，有没有什么操作技巧？"", ""start_time"": 3.804, ""end_time"": 7.211}, {""asr_result"": ""我这皮肤是哪个赛季出的？"", ""start_time"": 8.211, ""end_time"": 10.372}, {""asr_result"": ""我现在需要注意什么？"", ""start_time"": 11.372, ""end_time"": 13.004}, {""asr_result"": ""我此时应该去和马可打吗？为什么？"", ""start_time"": 14.004, ""end_time"": 17.079}, {""asr_result"": ""我下一步应该做什么？"", ""start_time"": 18.079, ""end_time"": 19.548}, {""asr_result"": ""我此时应该进对面蓝区吗？为什么？"", ""start_time"": 20.548, ""end_time"": 23.697}, {""asr_result"": ""这波可以继续进场吗？为什么？"", ""start_time"": 24.697, ""end_time"": 27.894}, {""asr_result"": ""我此时做什么可以扩大优势？"", ""start_time"": 28.894, ""end_time"": 31.176}, {""asr_result"": ""我此时可以更换什么装备？换成什么？"", ""start_time"": 32.176, ""end_time"": 35.09}]"
word_counting_result_fullvideo_upload_Sheet-v_文字计数,word_counting_result_fullvideo_upload_Sheet1-v010_文字计数,['| 数数红色的字体有多少个字？'],1,1,"[{""asr_result"": ""数数红色的字体有多少个字？"", ""start_time"": 1.0, ""end_time"": 3.484}]"
实时通话自动评测上传表 - 总上传表（去除轮以上）整合-bpossth,实时通话自动评测上传表0303 - 总上传表0401（去除10轮以上）整合-bpossth0002,['| 这里大概有多高？'],1,1,"[{""asr_result"": ""这里大概有多高？"", ""start_time"": 1.0, ""end_time"": 2.3}]"
实时通话自动评测上传表 - 总上传表（去除轮以上）整合-bpossthzb,实时通话自动评测上传表0303 - 总上传表0401（去除10轮以上）整合-bpossthzb0014,['| 这个发光的物品是什么？'],1,1,"[{""asr_result"": ""这个发光的物品是什么？"", ""start_time"": 1.0, ""end_time"": 2.905}]"
实时通话自动评测上传表 - 总上传表（去除轮以上）整合-ssthcs,实时通话自动评测上传表0303 - 总上传表0401（去除10轮以上）整合-ssthcs156,['| 墙面的货架上有几只电脑包？'],1,1,"[{""asr_result"": ""墙面的货架上有几只电脑包。"", ""start_time"": 1.0, ""end_time"": 3.418}]"
实时通话自动评测上传表 - 总上传表（去除轮以上）整合-ssthzb,实时通话自动评测上传表0303 - 总上传表0401（去除10轮以上）整合-ssthzb0002,['| 这幅画是哪幅名画的仿品？ |  | 它的作者又是谁？'],1,1,"[{""asr_result"": ""这幅画是哪幅名画的仿品？"", ""start_time"": 1.0, ""end_time"": 3.5}, {""asr_result"": ""它的作者又是谁？"", ""start_time"": 4.5, ""end_time"": 5.975}]"
实时通话自动评测上传表 - 总上传表（去除轮以上）整合-vidssth,实时通话自动评测上传表0303 - 总上传表0401（去除10轮以上）整合-vidssth008,['| 我身边经过了几个撑伞的行人？ |  | 刚刚绿色广告牌上的电话号码是什么颜色的？ |  | 我现在向正南方行走，你知道星巴克的大门朝向是哪里吗？ |  | 我一共经过了几个十字路口？ |  | 现在我左手边的店铺门朝向哪里？ |  | 20秒前，经过我身边的那个人拿着什么颜色的雨伞？ |  | 刚刚那个拿着黄色雨伞的小姐姐伞把上挂的包是什么颜色的？ |  | 这是哪个地铁站？ |  | 它位于首尔的哪个区？ |  | 从两分钟前到现在，我身边经过了几个撑伞的行人？'],1,1,"[{""asr_result"": ""我身边经过了几个撑伞的行人。"", ""start_time"": 1.0, ""end_time"": 3.484}, {""asr_result"": ""刚刚绿色广告牌上的电话号码是什么颜色的？"", ""start_time"": 4.484, ""end_time"": 7.891}, {""asr_result"": ""我现在向正南方行走，你知道星巴克的大门朝向是哪里吗？"", ""start_time"": 8.891, ""end_time"": 14.001}, {""asr_result"": ""我一共经过了几个十字路口？"", ""start_time"": 15.001, ""end_time"": 17.551}, {""asr_result"": ""现在我左手边的店铺门朝向哪里？"", ""start_time"": 18.551, ""end_time"": 21.384}, {""asr_result"": ""20 秒前经过我身边的那个人拿着什么颜色的雨伞？"", ""start_time"": 22.384, ""end_time"": 26.595}, {""asr_result"": ""刚刚那个拿着黄色雨伞的小姐姐，伞把上挂的包是什么颜色的？"", ""start_time"": 27.595, ""end_time"": 32.316}, {""asr_result"": ""这是哪个地铁站啊？"", ""start_time"": 33.316, ""end_time"": 34.94}, {""asr_result"": ""它位于首尔的哪个区？"", ""start_time"": 35.94, ""end_time"": 37.854}, {""asr_result"": ""从两分钟前到现在，我身边经过了几个撑伞的行人？"", ""start_time"": 38.854, ""end_time"": 43.36}]"
认识游戏-整合视频上传表- - Sheet-rsyx,认识游戏-整合视频上传表-1022 - Sheet1-rsyx0253,['| 这是什么游戏 |  | 这个游戏是哪个公司制作的 |  | 这个蓝色的角色是哪个阵营的 |  | 她手上展示的这个武器叫什么 |  | 她手上这个武器的类型是什么'],1,1,"[{""asr_result"": ""这是什么游戏？"", ""start_time"": 1.0, ""end_time"": 2.405}, {""asr_result"": ""这个游戏是哪个公司制作的？"", ""start_time"": 3.405, ""end_time"": 6.002}, {""asr_result"": ""这个蓝色的角色是哪个阵营的？"", ""start_time"": 7.002, ""end_time"": 9.482}, {""asr_result"": ""他手上展示的这个武器叫什么？"", ""start_time"": 10.482, ""end_time"": 12.974}, {""asr_result"": ""他手上这个武器的类型是什么？"", ""start_time"": 13.974, ""end_time"": 16.459}]"
认识游戏-整合视频上传表- - Sheet-rsyxzs,认识游戏-整合视频上传表-1022 - Sheet1-rsyxzs0665,['| 哪个公司开发的这款游戏？'],1,1,"[{""asr_result"": ""哪个公司开发的这款游戏？"", ""start_time"": 1.0, ""end_time"": 3.079}]"
